user_id,branch_id,name,email,created_at
348a9a95-f1a3-412d-9824-894cd77f1e3a,679d63bc-b896-480b-be7f-c48780872ba6,Jackquelin Astle,jastle4@edublogs.org,1900-04-03 03:01:49.412
0d0bbdea-bc4e-41e6-86a3-38fc13f9933d,679d63bc-b896-480b-be7f-c48780872ba6,Sophie Pitway,spitwaye@ustream.tv,2023-04-03 03:53:09.228
17d9c6e4-3ad0-4b3f-b032-b44291d8fdd1,679d63bc-b896-480b-be7f-c48780872ba6,Harriett Biesinger,hbiesingeri@harvard.edu,1950-04-03 07:33:52.904
452aa4a9-191c-46f1-a106-7f4235681677,679d63bc-b896-480b-be7f-c48780872ba6,Saloma Gouldie,sgouldies@amazonaws.com,2023-04-03 20:16:19.852
152fdef4-cde2-4763-8ae2-138b6dc4dbcb,679d63bc-b896-480b-be7f-c48780872ba6,Corry Ary,caryt@ucsd.edu,2023-04-03 17:21:19.474
2b5b6b54-0639-42fc-a16d-9dc374639005,679d63bc-b896-480b-be7f-c48780872ba6,Neille Matlock,nmatlock18@infoseek.co.jp,2023-04-03 10:03:22.512
0cebe138-0e46-4312-9cc4-ec5dc8666a42,679d63bc-b896-480b-be7f-c48780872ba6,Antoni Valek,avalek1g@php.net,2023-04-03 19:36:22.534
1c797c78-d1ee-4156-9138-78901e588bf0,679d63bc-b896-480b-be7f-c48780872ba6,Gualterio Bakewell,gbakewell1h@hibu.com,2023-04-03 15:12:16.331
2653569d-07f8-4729-81e9-ef6a53d11b76,679d63bc-b896-480b-be7f-c48780872ba6,Fairfax McKomb,fmckomb1i@answers.com,2023-04-03 16:55:03.075
1d5fdf23-e6a3-4e86-a740-22ad79eb67b9,679d63bc-b896-480b-be7f-c48780872ba6,Dore Riccardelli,driccardelli1j@blogger.com,1970-01-01 00:00:00.000
08679488-5e64-40c9-8f1e-68670c1fcc12,679d63bc-b896-480b-be7f-c48780872ba6,Stephen Frugier,sfrugier1m@diigo.com,2023-04-03 23:17:13.839
101637f3-b6b5-4b5d-9d60-8c05ed03c9d9,679d63bc-b896-480b-be7f-c48780872ba6,Lita Jozwicki,ljozwicki1q@discovery.com,2023-04-03 23:10:10.832
0952aadb-1834-414c-bb94-756544803883,679d63bc-b896-480b-be7f-c48780872ba6,Merry Trenfield,mtrenfield1v@state.tx.us,2023-04-03 07:50:15.205
10092407-3e42-4fff-862b-788635d26146,679d63bc-b896-480b-be7f-c48780872ba6,Greer Gibberd,ggibberd23@usgs.gov,2023-04-03 00:09:07.304
010c83a8-5059-45ca-ace6-cdc9b150d2b6,679d63bc-b896-480b-be7f-c48780872ba6,Ilise MacKibbon,imackibbon25@webmd.com,2023-04-03 07:15:46.502
2ae67883-12f5-441c-81bf-6b3ba94b71de,679d63bc-b896-480b-be7f-c48780872ba6,Tristam Beamont,tbeamont26@weibo.com,2023-04-03 12:50:53.331
42f792d5-a5e2-40f5-b902-898c8da3b040,679d63bc-b896-480b-be7f-c48780872ba6,Lauretta Passman,lpassman2a@dmoz.org,2023-04-03 08:34:23.916
24cd9888-b743-49d6-99e0-9dd290f93b7b,679d63bc-b896-480b-be7f-c48780872ba6,Sanderson Weedon,sweedon2e@amazon.com,2023-04-03 17:47:55.630
3c67c06e-5feb-43c7-97bc-29754e602ec8,679d63bc-b896-480b-be7f-c48780872ba6,Darren Drinkale,ddrinkale2o@pagesperso-orange.fr,2023-04-03 22:54:33.613
16ee9581-ca73-471b-902c-62b265dd654f,679d63bc-b896-480b-be7f-c48780872ba6,Dorelia McConnulty,dmcconnulty2p@smugmug.com,2023-04-03 23:35:21.344
51372890-bb9c-4f47-ab23-83d1411aead1,3591aa99-6a08-4bbc-8ecd-3dd79cb0bc74,Dayle Egalton,degalton3@gmpg.org,2023-04-03 07:55:23.548
56f7f1af-c9ba-4fd3-b8b9-4068ac2fe5c3,3591aa99-6a08-4bbc-8ecd-3dd79cb0bc74,Berna Cannicott,bcannicott6@miibeian.gov.cn,2023-04-03 01:29:50.404
47c8a66c-1f67-49c4-b275-86d357254c35,3591aa99-6a08-4bbc-8ecd-3dd79cb0bc74,Dolf Beslier,dbeslier7@ning.com,2023-04-03 20:11:59.790
6534cb41-6517-4ef9-a84c-5685ee6f719d,3591aa99-6a08-4bbc-8ecd-3dd79cb0bc74,Ula Olding,uolding9@google.com.br,2023-04-03 18:10:04.398
4e4f2a4b-0697-4ef6-ad53-1094c1c181b6,3591aa99-6a08-4bbc-8ecd-3dd79cb0bc74,Tyne Shillington,tshillingtong@lulu.com,2023-04-03 19:04:30.127
5dcad327-7a64-450e-89fd-d6047499d84a,3591aa99-6a08-4bbc-8ecd-3dd79cb0bc74,Stormi Sollas,ssollash@dmoz.org,2023-04-03 18:10:12.248
57756acc-a699-4e22-a102-829b7db54e57,3591aa99-6a08-4bbc-8ecd-3dd79cb0bc74,Fax Marden,fmardenj@cdc.gov,2023-04-03 11:41:41.382
5b8856d8-f1b2-4cd9-baf5-46c37a6130ed,3591aa99-6a08-4bbc-8ecd-3dd79cb0bc74,Eyde Buske,ebuskel@hubpages.com,2023-04-03 12:41:22.540
5213812f-8929-4f7d-9e1f-ce618613460c,3591aa99-6a08-4bbc-8ecd-3dd79cb0bc74,Verney Gillebert,vgillebertm@springer.com,2023-04-03 18:32:52.825
6a388309-2818-4170-8909-3167eb82df1e,3591aa99-6a08-4bbc-8ecd-3dd79cb0bc74,Rozina OGavin,rogavinq@geocities.jp,2023-04-03 11:10:51.197
5d4f5cc4-f636-496a-953b-975485db9258,3591aa99-6a08-4bbc-8ecd-3dd79cb0bc74,Gerianna Parkman,gparkmanv@bing.com,2023-04-03 14:06:48.231
52b1a258-b7ab-49d3-a7e5-af564a3cd20a,3591aa99-6a08-4bbc-8ecd-3dd79cb0bc74,Jessalyn Bohey,jboheyw@engadget.com,2023-04-03 21:32:52.736
4afd9e20-2e32-47de-a59b-a485fa333b0b,3591aa99-6a08-4bbc-8ecd-3dd79cb0bc74,Brigitte Longhorne,blonghorne12@comsenz.com,2023-04-03 09:20:59.727
546101da-27f9-4d36-849a-2ff3665800ea,3591aa99-6a08-4bbc-8ecd-3dd79cb0bc74,Thadeus Benettolo,tbenettolo14@ebay.co.uk,2023-04-03 14:35:09.970
54078046-db8b-4c5a-80e2-e51057fe8d8e,3591aa99-6a08-4bbc-8ecd-3dd79cb0bc74,Dante Parffrey,dparffrey19@nba.com,2023-04-03 17:38:08.656
5dc072a6-d336-46a9-803f-3ecc4e5fdcaf,3591aa99-6a08-4bbc-8ecd-3dd79cb0bc74,Nani Valencia,nvalencia1e@goodreads.com,2023-04-03 22:35:01.157
5a8223b4-ca9f-4698-ac36-bdc6d3f0bc66,3591aa99-6a08-4bbc-8ecd-3dd79cb0bc74,Margaret Heimann,mheimann1t@dagondesign.com,2023-04-03 14:01:17.176
5ab65223-ff3e-4d46-b3b4-2ecb9e68add9,3591aa99-6a08-4bbc-8ecd-3dd79cb0bc74,Salomi Utley,sutley29@cargocollective.com,2023-04-03 21:51:06.454
50da1ec7-c569-41b9-abac-1559cb7ac89c,3591aa99-6a08-4bbc-8ecd-3dd79cb0bc74,Cecily Mankor,cmankor2g@istockphoto.com,2023-04-03 06:35:01.902
6c06a496-88a8-40c0-a3f5-fa590c73b2fa,3591aa99-6a08-4bbc-8ecd-3dd79cb0bc74,Joelie Layzell,jlayzell2k@loc.gov,2023-04-03 12:12:07.776
a2db8651-cf91-4310-a717-1ebb8074950f,183bf829-76c2-44c7-8a20-b5c8b073efcb,Eugenio Collingwood,ecollingwood0@jigsy.com,2023-04-03 21:32:33.195
968aaa29-7b8e-4adb-bcfe-0c3f0154c68f,183bf829-76c2-44c7-8a20-b5c8b073efcb,Valeda Gauchier,vgauchier2@bbc.co.uk,2023-04-03 00:11:20.395
79b97c21-87e5-49e5-80a6-0ff60e1a40d4,183bf829-76c2-44c7-8a20-b5c8b073efcb,Natalya Blenkinsopp,nblenkinsoppf@photobucket.com,2023-04-03 10:20:30.130
7e8795e8-325f-4e65-970a-e58430316ea7,183bf829-76c2-44c7-8a20-b5c8b073efcb,Penn Dilks,pdilksr@guardian.co.uk,2023-04-03 09:49:15.774
875a9117-fd70-4f90-902a-91c04a7e6727,183bf829-76c2-44c7-8a20-b5c8b073efcb,Leroi Mallall,lmallallu@examiner.com,2023-04-03 21:08:20.465
7961610a-693c-4533-95e8-692a7cf56885,183bf829-76c2-44c7-8a20-b5c8b073efcb,Lief Oxbe,loxbe10@salon.com,2023-04-03 21:10:40.216
7280906d-97fa-479f-b257-c9f2d7bfb6ba,183bf829-76c2-44c7-8a20-b5c8b073efcb,Galvan Merdew,gmerdew17@fastcompany.com,2023-04-03 19:30:08.306
9e0fdce5-e985-4fca-991f-6cc8eccc65f5,183bf829-76c2-44c7-8a20-b5c8b073efcb,Adrienne McEntee,amcentee1f@nhs.uk,2023-04-03 14:53:57.838
77b23c41-48c9-4493-bbf2-40db442cb444,183bf829-76c2-44c7-8a20-b5c8b073efcb,Standford Accomb,saccomb1k@ed.gov,2023-04-03 15:44:49.471
993ff139-1fb7-4da7-98e0-62eff86a96e7,183bf829-76c2-44c7-8a20-b5c8b073efcb,Kylila Biernacki,kbiernacki1l@yolasite.com,2023-04-03 00:41:30.600
7643d20f-356c-4f8b-a909-7b9c1815ca95,183bf829-76c2-44c7-8a20-b5c8b073efcb,Talbot Gudgion,tgudgion1n@amazon.com,2023-04-03 12:45:33.046
8d26c0ec-2fcd-4080-a114-3b568ff4224b,183bf829-76c2-44c7-8a20-b5c8b073efcb,Ebeneser Gaffney,egaffney1p@about.me,2023-04-03 09:21:18.433
95a709f1-954d-4531-853b-1a7c9567516e,183bf829-76c2-44c7-8a20-b5c8b073efcb,Leonerd Kirtlan,lkirtlan1u@hao123.com,2023-04-03 16:30:22.395
85041be6-cf8d-4194-8aaf-72ef4122002a,183bf829-76c2-44c7-8a20-b5c8b073efcb,Radcliffe Murtagh,rmurtagh1x@hubpages.com,2023-04-03 09:47:14.860
9ef92827-bbf9-4924-b91d-40b5e0ccd5f6,183bf829-76c2-44c7-8a20-b5c8b073efcb,Lian Chaudret,lchaudret2c@nymag.com,2023-04-03 14:14:50.661
70ae8751-489d-4c64-9197-a80e93498e6e,183bf829-76c2-44c7-8a20-b5c8b073efcb,Farra Castanone,fcastanone2h@shutterfly.com,2023-04-03 11:09:37.565
82cd1bb4-f8cf-49fd-8cac-104fc0cbb024,183bf829-76c2-44c7-8a20-b5c8b073efcb,Boris Perree,bperree2i@artisteer.com,2023-04-03 07:14:40.625
a1562999-410e-466e-9d01-11c2f0846077,183bf829-76c2-44c7-8a20-b5c8b073efcb,Barbi Walklett,bwalklett2m@slate.com,2023-04-03 12:28:05.924
89e7214a-055d-45d6-ad43-cc091da33ca2,183bf829-76c2-44c7-8a20-b5c8b073efcb,Marco Olner,molner2n@shinystat.com,2023-04-03 11:02:22.528
9010107a-a1b5-4f7f-b9cb-4b0eafe25098,183bf829-76c2-44c7-8a20-b5c8b073efcb,Berty Perceval,bperceval2q@yandex.ru,2023-04-03 07:17:20.599
d66b2d2c-023c-48df-b3e3-4f79841d10aa,dd588b33-76f9-4032-a754-6aa34e26de7b,Adda Tetley,atetley5@ted.com,2023-04-03 03:00:20.510
a309ddfd-b618-4adb-8f29-2fd427e3ad09,dd588b33-76f9-4032-a754-6aa34e26de7b,Nelson Sings,nsings8@google.pl,2023-04-03 15:13:46.265
adcd90cd-e764-4fe8-8c26-9e0aa21cb017,dd588b33-76f9-4032-a754-6aa34e26de7b,Laurice Feak,lfeakb@tinyurl.com,2023-04-03 21:22:23.747
c849f32a-85f8-4455-bd20-ddf29cbd187a,dd588b33-76f9-4032-a754-6aa34e26de7b,Janean Fayerbrother,jfayerbrothern@yahoo.com,2023-04-03 05:40:02.504
b06251b8-a11b-4e92-8c79-2f57cacd59ec,dd588b33-76f9-4032-a754-6aa34e26de7b,Jermayne Spybey,jspybeyo@drupal.org,2023-04-03 17:17:19.091
bc2ea856-1419-4265-885a-77cb5f8965e0,dd588b33-76f9-4032-a754-6aa34e26de7b,Maris Clausius,mclausiusx@chron.com,2023-04-03 16:33:33.784
cce41f90-6648-4ae2-bd07-baca6e46c154,dd588b33-76f9-4032-a754-6aa34e26de7b,Gilbertine Kitchenham,gkitchenhamy@discovery.com,2023-04-03 14:16:01.158
d7455936-559f-403b-8a1e-418be08ec623,dd588b33-76f9-4032-a754-6aa34e26de7b,Rikki Littlefair,rlittlefair13@cnbc.com,2023-04-03 15:43:44.882
c991a456-859a-4f5f-8864-97a682c519a3,dd588b33-76f9-4032-a754-6aa34e26de7b,Cecilia Missen,cmissen16@pinterest.com,2023-04-03 07:48:50.645
bd2edd61-412a-433a-9d5a-e3096ee943db,dd588b33-76f9-4032-a754-6aa34e26de7b,Ad Ennew,aennew1a@bravesites.com,2023-04-03 10:45:58.213
a47212ba-9472-4921-95a3-55adb48b6ada,dd588b33-76f9-4032-a754-6aa34e26de7b,Verene Showte,vshowte1b@weather.com,2023-04-03 20:25:10.629
d772aa6a-990c-4a23-83b8-5fb43148df36,dd588b33-76f9-4032-a754-6aa34e26de7b,Burnard Jackling,bjackling1d@gravatar.com,2023-04-03 15:20:47.414
b7785474-5afb-4618-9782-96091131cca4,dd588b33-76f9-4032-a754-6aa34e26de7b,Eduino Lockhart,elockhart1o@si.edu,2023-04-03 08:11:53.069
a55211af-ebef-4ac7-bac9-be25c2ea3820,dd588b33-76f9-4032-a754-6aa34e26de7b,Haily Hadgraft,hhadgraft1w@comcast.net,2023-04-03 05:09:43.754
b9c36c7f-dd96-44f8-88f8-ffdf6be81344,dd588b33-76f9-4032-a754-6aa34e26de7b,Roland Shercliff,rshercliff1y@google.com.au,2023-04-03 20:44:17.352
c83a56d6-c676-43dc-a858-d3aa801bbf61,dd588b33-76f9-4032-a754-6aa34e26de7b,Trish Moquin,tmoquin24@usgs.gov,2023-04-03 00:11:13.632
ab2532fd-4844-43a0-831a-b2ffa9a3ffba,dd588b33-76f9-4032-a754-6aa34e26de7b,Avrit Greedyer,agreedyer2d@tinyurl.com,2023-04-03 08:02:48.186
c2152a68-b0a0-45ac-88a8-ceea7947948e,dd588b33-76f9-4032-a754-6aa34e26de7b,Granger Duplain,gduplain2f@issuu.com,2023-04-03 08:21:12.897
b6befe13-ba16-4736-bc45-db0b26e77c48,dd588b33-76f9-4032-a754-6aa34e26de7b,Hart Spick,hspick2l@xrea.com,2023-04-03 15:27:04.672
a3a9ee53-9c57-42e3-8d4f-147e4881dce7,dd588b33-76f9-4032-a754-6aa34e26de7b,Wilma Trodden,wtrodden2r@canalblog.com,2023-04-03 03:18:17.555
dd36cf94-b0ec-490a-acd8-1a99a6686601,2b94d71e-6311-4069-944f-d90c3206dc40,Farra Krauze,fkrauze1@cbsnews.com,2023-04-03 16:35:40.307
fbaddd3a-4116-40ea-a8ac-52aab1849697,2b94d71e-6311-4069-944f-d90c3206dc40,Leilah Howbrook,lhowbrooka@harvard.edu,2023-04-03 09:34:07.448
eb8539e3-7f81-4399-9872-6c8406858054,2b94d71e-6311-4069-944f-d90c3206dc40,Mile Hubber,mhubberc@reference.com,2023-04-03 14:08:40.544
f4684124-04b3-4762-a272-8530f3d7c8a1,2b94d71e-6311-4069-944f-d90c3206dc40,Kiel Ruckman,kruckmand@hostgator.com,2023-04-03 03:01:21.166
fd1c3dfc-c0e6-4cc2-bab7-c67e026bb939,2b94d71e-6311-4069-944f-d90c3206dc40,Andeee Hartfield,ahartfieldk@microsoft.com,2023-04-03 06:11:10.684
f3870de4-1893-4518-8007-4892dc227872,2b94d71e-6311-4069-944f-d90c3206dc40,Salomo Faichney,sfaichneyp@phpbb.com,2023-04-03 07:30:22.136
e56e4383-5fed-4155-9a42-5d722b60e90d,2b94d71e-6311-4069-944f-d90c3206dc40,Jacquenetta Maillard,jmaillardz@flickr.com,2023-04-03 18:02:22.356
e8340470-366b-40b8-80e3-d36fb59cf325,2b94d71e-6311-4069-944f-d90c3206dc40,Rip Fannon,rfannon11@livejournal.com,2023-04-03 16:17:14.827
ecbf341c-5c25-48c0-9347-b2a94f498fbb,2b94d71e-6311-4069-944f-d90c3206dc40,Emma Tesoe,etesoe15@printfriendly.com,2023-04-03 11:54:34.269
eb771fd1-d7c7-4ca5-ac40-a797f7a87e08,2b94d71e-6311-4069-944f-d90c3206dc40,Jesus Soppit,jsoppit1c@miibeian.gov.cn,2023-04-03 00:11:11.844
da1909ce-a694-43d8-9a4d-b9e2e825269c,2b94d71e-6311-4069-944f-d90c3206dc40,Mellisent Legg,mlegg1r@ucla.edu,2023-04-03 06:28:31.766
e2ec7e1b-4980-4e60-8805-03293530cc37,2b94d71e-6311-4069-944f-d90c3206dc40,Clarita Mundall,cmundall1s@webs.com,2023-04-03 15:27:44.865
f12147b1-8d2b-471a-b2a3-81d1c5f31c11,2b94d71e-6311-4069-944f-d90c3206dc40,Madelyn Hewell,mhewell1z@reuters.com,2023-04-03 00:09:48.791
d895a409-9f03-43c0-946d-a9b1717afdc0,2b94d71e-6311-4069-944f-d90c3206dc40,Ailina Stockey,astockey20@wikispaces.com,2023-04-03 16:45:33.533
f8b3eac7-fd48-4d8d-abf9-87eb94f7ed98,2b94d71e-6311-4069-944f-d90c3206dc40,Elga Pollock,epollock21@time.com,2023-04-03 10:43:54.553
dfc13311-c09a-4485-872e-7b4411fb23a1,2b94d71e-6311-4069-944f-d90c3206dc40,Nicholas Holwell,nholwell22@sourceforge.net,2023-04-03 14:40:03.740
ed88f150-de85-4b7e-b40e-dae8d3666365,2b94d71e-6311-4069-944f-d90c3206dc40,Gabbey Clout,gclout27@cpanel.net,2023-04-03 20:40:03.188
fa99041b-810d-4486-9689-ef904e7e56a3,2b94d71e-6311-4069-944f-d90c3206dc40,Rutherford Lloyd,rlloyd28@joomla.org,2023-04-03 10:33:01.658
f8a48090-57fc-4dc0-a435-54fb78a304eb,2b94d71e-6311-4069-944f-d90c3206dc40,Becca Stidston,bstidston2b@hubpages.com,2023-04-03 17:32:44.423
fac87498-7b32-48e5-842d-8f6e8a753b0e,2b94d71e-6311-4069-944f-d90c3206dc40,Norri Dorey,ndorey2j@bbc.co.uk,2023-04-03 16:17:44.695