user_id,branch_id,membership_id,membership_purchased_at,created_at,membership_purchase_details
a1562999-410e-466e-9d01-11c2f0846077,183bf829-76c2-44c7-8a20-b5c8b073efcb,a3fc3917-3fef-4054-8afe-2747a5bb54ee,2023-09-08 12:20:53.714,2023-09-08 12:32:14.414,"{\"name\": \"Monthly Membership\",\"source\": \"WEBPORTAL\"}"
dd36cf94-b0ec-490a-acd8-1a99a6686601,2b94d71e-6311-4069-944f-d90c3206dc40,9f369a8e-838e-454e-87ee-8bb64e2e7f02,2024-07-10 04:23:05.793,2024-07-10 04:39:40.403,"{\"name\": \"Yearly Membership\",\"source\": \"WEBPORTAL\"}"
452aa4a9-191c-46f1-a106-7f4235681677,679d63bc-b896-480b-be7f-c48780872ba6,5c93977f-cbef-4274-8c42-8a618eae5086,2023-10-23 04:18:22.654,2023-10-23 04:21:09.198,"{\"name\": \"Weekly Membership\",\"source\": \"WEBPORTAL\"}"
f4684124-04b3-4762-a272-8530f3d7c8a1,2b94d71e-6311-4069-944f-d90c3206dc40,a63bcfb9-2e5c-4a35-bd27-3839628a2fcc,2023-04-12 05:45:55.729,2023-04-12 06:12:53.320,"{\"name\": \"Monthly Membership\",\"source\": \"RECEPTION_SIGNUP\"}"
968aaa29-7b8e-4adb-bcfe-0c3f0154c68f,183bf829-76c2-44c7-8a20-b5c8b073efcb,a2244480-bff1-46d1-9f5c-a025bc645a81,2023-01-19 01:51:19.437,2023-01-19 01:58:38.863,"{\"name\": \"Yearly Membership\",\"source\": \"RECEPTION_SIGNUP\"}"
57756acc-a699-4e22-a102-829b7db54e57,3591aa99-6a08-4bbc-8ecd-3dd79cb0bc74,0ee6cfe4-d156-4fb6-8f7e-535ef559295b,2023-01-15 20:16:51.256,2023-01-15 20:17:45.590,"{\"name\": \"Weekly Membership\",\"source\": \"RECEPTION_SIGNUP\"}"
89e7214a-055d-45d6-ad43-cc091da33ca2,183bf829-76c2-44c7-8a20-b5c8b073efcb,7519b10d-9801-4aac-8384-8af9d862c532,2024-06-24 08:01:38.351,2024-06-24 08:25:27.432,"{\"name\": \"Monthly Membership\",\"source\": \"REFERRAL\"}"
5ab65223-ff3e-4d46-b3b4-2ecb9e68add9,3591aa99-6a08-4bbc-8ecd-3dd79cb0bc74,d46e01b7-a073-4281-9907-aefa9755d588,2023-06-25 01:51:15.403,2023-06-25 02:16:40.488,"{\"name\": \"Yearly Membership\",\"source\": \"REFERRAL\"}"
6534cb41-6517-4ef9-a84c-5685ee6f719d,3591aa99-6a08-4bbc-8ecd-3dd79cb0bc74,a713c0c1-6968-4242-8fed-e6c21d36253b,2023-10-26 00:58:33.516,2023-10-26 01:26:45.243,"{\"name\": \"Weekly Membership\",\"source\": \"REFERRAL\"}"
dfc13311-c09a-4485-872e-7b4411fb23a1,2b94d71e-6311-4069-944f-d90c3206dc40,8b9328a9-9ed2-4069-9379-110493b98ca2,2024-02-07 04:04:04.937,2024-02-07 04:09:56.188,"{\"name\": \"Monthly Membership\",\"source\": \"WEBPORTAL\"}"
fa99041b-810d-4486-9689-ef904e7e56a3,2b94d71e-6311-4069-944f-d90c3206dc40,19b99ed6-1a57-464e-bf12-0468492e7326,2024-03-07 08:31:35.045,2024-03-07 08:50:04.805,"{\"name\": \"Monthly Membership\",\"source\": \"WEBPORTAL\"}"
57756acc-a699-4e22-a102-829b7db54e57,3591aa99-6a08-4bbc-8ecd-3dd79cb0bc74,700949dd-9d01-4070-ba6b-817e2b42165f,2023-11-26 13:00:23.470,2023-11-26 13:17:28.728,"{\"name\": \"Yearly Membership\",\"source\": \"WEBPORTAL\"}"
a309ddfd-b618-4adb-8f29-2fd427e3ad09,dd588b33-76f9-4032-a754-6aa34e26de7b,985e63ec-9221-4042-82ca-07a9dcf6d762,2023-11-25 06:20:18.526,2023-11-25 06:28:05.930,"{\"name\": \"Weekly Membership\",\"source\": \"WEBPORTAL\"}"
e56e4383-5fed-4155-9a42-5d722b60e90d,2b94d71e-6311-4069-944f-d90c3206dc40,a834b7bc-fa33-4661-9d07-6c553dab800d,2023-01-10 10:16:08.040,2023-01-10 10:19:49.181,"{\"name\": \"Monthly Membership\",\"source\": \"RECEPTION_SIGNUP\"}"
7643d20f-356c-4f8b-a909-7b9c1815ca95,183bf829-76c2-44c7-8a20-b5c8b073efcb,1ff0d0c6-c7e1-4766-b338-a066dff42e91,2024-02-02 14:34:33.466,2024-02-02 14:36:36.070,"{\"name\": \"Yearly Membership\",\"source\": \"RECEPTION_SIGNUP\"}"
fa99041b-810d-4486-9689-ef904e7e56a3,2b94d71e-6311-4069-944f-d90c3206dc40,4b2ceb59-5e18-4183-8944-6c5a085bd0e3,2024-02-21 04:26:12.692,2024-02-21 04:35:31.356,"{\"name\": \"Monthly Membership\",\"source\": \"REFERRAL\"}"
6c06a496-88a8-40c0-a3f5-fa590c73b2fa,3591aa99-6a08-4bbc-8ecd-3dd79cb0bc74,58d75e4f-a724-4010-a212-88fb3a1e2f68,2023-05-15 14:13:41.155,2023-05-15 14:28:37.637,"{\"name\": \"Yearly Membership\",\"source\": \"REFERRAL\"}"
5dc072a6-d336-46a9-803f-3ecc4e5fdcaf,3591aa99-6a08-4bbc-8ecd-3dd79cb0bc74,63d74fd4-b986-4428-a20e-ef3c2cc667b2,2023-05-04 22:12:24.400,2023-05-04 22:41:49.650,"{\"name\": \"Weekly Membership\",\"source\": \"REFERRAL\"}"
fd1c3dfc-c0e6-4cc2-bab7-c67e026bb939,2b94d71e-6311-4069-944f-d90c3206dc40,76435e54-4023-433c-9571-db82a4e0ed09,2023-08-29 18:15:46.505,2023-08-29 18:34:13.802,"{\"name\": \"Monthly Membership\",\"source\": \"WEBPORTAL\"}"
fd1c3dfc-c0e6-4cc2-bab7-c67e026bb939,2b94d71e-6311-4069-944f-d90c3206dc40,61784a0e-40fe-4c84-a347-6f9ea570a37a,2024-07-04 07:08:09.748,2024-07-04 07:25:12.038,"{\"name\": \"Monthly Membership\",\"source\": \"WEBPORTAL\"}"
6534cb41-6517-4ef9-a84c-5685ee6f719d,3591aa99-6a08-4bbc-8ecd-3dd79cb0bc74,465cfcfc-fcd5-4948-bb15-e7a826acf58f,2024-04-05 20:10:37.205,2024-04-05 20:27:27.717,"{\"name\": \"Yearly Membership\",\"source\": \"WEBPORTAL\"}"
da1909ce-a694-43d8-9a4d-b9e2e825269c,2b94d71e-6311-4069-944f-d90c3206dc40,55c1e51a-69e2-43ca-b8a5-b5fbbc82e844,2023-04-01 15:29:16.689,2023-04-01 15:38:37.364,"{\"name\": \"Weekly Membership\",\"source\": \"WEBPORTAL\"}"
a3a9ee53-9c57-42e3-8d4f-147e4881dce7,dd588b33-76f9-4032-a754-6aa34e26de7b,42e5214c-7366-4b57-9421-8d1cac837e25,2023-09-20 23:54:58.990,2023-09-20 23:59:50.206,"{\"name\": \"Monthly Membership\",\"source\": \"RECEPTION_SIGNUP\"}"
4afd9e20-2e32-47de-a59b-a485fa333b0b,3591aa99-6a08-4bbc-8ecd-3dd79cb0bc74,5e0263b7-a4a8-4d53-942a-b7889f58c3e7,2023-08-03 09:59:22.932,2023-08-03 10:21:17.506,"{\"name\": \"Yearly Membership\",\"source\": \"RECEPTION_SIGNUP\"}"
7961610a-693c-4533-95e8-692a7cf56885,183bf829-76c2-44c7-8a20-b5c8b073efcb,5f0f617c-4c3b-46a2-b35e-316ec592b1f7,2024-07-05 15:28:12.680,2024-07-05 15:36:45.007,"{\"name\": \"Weekly Membership\",\"source\": \"RECEPTION_SIGNUP\"}"
eb8539e3-7f81-4399-9872-6c8406858054,2b94d71e-6311-4069-944f-d90c3206dc40,7f9a70de-5190-4c2c-89aa-56f59459a6dd,2023-05-04 04:38:29.663,2023-05-04 04:46:21.040,"{\"name\": \"Monthly Membership\",\"source\": \"REFERRAL\"}"
eb8539e3-7f81-4399-9872-6c8406858054,2b94d71e-6311-4069-944f-d90c3206dc40,39991eb8-eb03-40cd-ba27-34b666cb0503,2023-12-24 10:03:18.553,2023-12-24 10:29:43.950,"{\"name\": \"Yearly Membership\",\"source\": \"REFERRAL\"}"
d895a409-9f03-43c0-946d-a9b1717afdc0,2b94d71e-6311-4069-944f-d90c3206dc40,0510a69d-162f-497c-b7f5-eadd1890df66,2023-02-25 20:16:02.363,2023-02-25 20:21:24.459,"{\"name\": \"Weekly Membership\",\"source\": \"REFERRAL\"}"
82cd1bb4-f8cf-49fd-8cac-104fc0cbb024,183bf829-76c2-44c7-8a20-b5c8b073efcb,6fc5aba5-c2df-49ca-8e6f-2967fc12a0b8,2024-02-06 19:44:30.106,2024-02-06 19:51:19.239,"{\"name\": \"Monthly Membership\",\"source\": \"WEBPORTAL\"}"
5b8856d8-f1b2-4cd9-baf5-46c37a6130ed,3591aa99-6a08-4bbc-8ecd-3dd79cb0bc74,da1a2335-c986-45a4-bccc-c174195acfa6,2023-01-08 13:36:37.756,2023-01-08 14:03:03.467,"{\"name\": \"Monthly Membership\",\"source\": \"WEBPORTAL\"}"
9ef92827-bbf9-4924-b91d-40b5e0ccd5f6,183bf829-76c2-44c7-8a20-b5c8b073efcb,53399d60-741a-42eb-814f-8c18b905b6d4,2023-06-08 03:42:41.810,2023-06-08 03:57:13.489,"{\"name\": \"Weekly Membership\",\"source\": \"WEBPORTAL\"}"
52b1a258-b7ab-49d3-a7e5-af564a3cd20a,3591aa99-6a08-4bbc-8ecd-3dd79cb0bc74,afabdc53-6963-4117-bb68-610047c7fa74,2024-04-14 04:39:31.222,2024-04-14 04:57:41.346,"{\"name\": \"Monthly Membership\",\"source\": \"RECEPTION_SIGNUP\"}"
a309ddfd-b618-4adb-8f29-2fd427e3ad09,dd588b33-76f9-4032-a754-6aa34e26de7b,47d76cac-e17b-4e20-a978-908ee85074a7,2024-02-22 22:41:01.245,2024-02-22 22:49:08.957,"{\"name\": \"Yearly Membership\",\"source\": \"RECEPTION_SIGNUP\"}"
54078046-db8b-4c5a-80e2-e51057fe8d8e,3591aa99-6a08-4bbc-8ecd-3dd79cb0bc74,a17a11b1-112e-4988-b1ac-12d512807163,2023-04-26 18:21:02.239,2023-04-26 18:27:08.293,"{\"name\": \"Weekly Membership\",\"source\": \"RECEPTION_SIGNUP\"}"
adcd90cd-e764-4fe8-8c26-9e0aa21cb017,dd588b33-76f9-4032-a754-6aa34e26de7b,0a12362e-ecc7-4bd6-8d74-63dd42c96fbd,2024-05-08 07:50:49.044,2024-05-08 08:02:09.909,"{\"name\": \"Monthly Membership\",\"source\": \"REFERRAL\"}"
51372890-bb9c-4f47-ab23-83d1411aead1,3591aa99-6a08-4bbc-8ecd-3dd79cb0bc74,420232b8-6644-4f4a-9505-9bcdadb63342,2023-04-04 16:39:16.186,2023-04-04 16:40:33.654,"{\"name\": \"Yearly Membership\",\"source\": \"REFERRAL\"}"
9ef92827-bbf9-4924-b91d-40b5e0ccd5f6,183bf829-76c2-44c7-8a20-b5c8b073efcb,1e3ba649-fd1c-4ebe-96f4-f69727ce2555,2023-09-13 15:30:34.233,2023-09-13 15:31:37.851,"{\"name\": \"Weekly Membership\",\"source\": \"REFERRAL\"}"
24cd9888-b743-49d6-99e0-9dd290f93b7b,679d63bc-b896-480b-be7f-c48780872ba6,4ec66972-da8d-4d64-bce1-5ea5f5fd8d34,2023-05-17 02:57:31.326,2023-05-17 03:24:38.211,"{\"name\": \"Monthly Membership\",\"source\": \"WEBPORTAL\"}"
adcd90cd-e764-4fe8-8c26-9e0aa21cb017,dd588b33-76f9-4032-a754-6aa34e26de7b,b6f95427-045a-4649-ad00-e5f4ad8caa23,2024-05-25 17:53:58.648,2024-05-25 17:55:01.996,"{\"name\": \"Monthly Membership\",\"source\": \"WEBPORTAL\"}"
82cd1bb4-f8cf-49fd-8cac-104fc0cbb024,183bf829-76c2-44c7-8a20-b5c8b073efcb,1f73eaca-1706-4afe-a9bd-3765bf8103f8,2024-01-31 09:19:22.769,2024-01-31 09:43:26.535,"{\"name\": \"Yearly Membership\",\"source\": \"WEBPORTAL\"}"
95a709f1-954d-4531-853b-1a7c9567516e,183bf829-76c2-44c7-8a20-b5c8b073efcb,e8215483-339b-4dc8-909a-7f31e05b26d4,2024-05-09 19:07:09.742,2024-05-09 19:21:27.817,"{\"name\": \"Weekly Membership\",\"source\": \"WEBPORTAL\"}"
79b97c21-87e5-49e5-80a6-0ff60e1a40d4,183bf829-76c2-44c7-8a20-b5c8b073efcb,086e47a9-089a-4e1a-9763-e7b10929a9f7,2024-06-26 16:28:07.932,2024-06-26 16:38:52.466,"{\"name\": \"Monthly Membership\",\"source\": \"RECEPTION_SIGNUP\"}"
a3a9ee53-9c57-42e3-8d4f-147e4881dce7,dd588b33-76f9-4032-a754-6aa34e26de7b,6c410080-252f-449f-a954-34e3e210df95,2023-05-06 20:15:28.843,2023-05-06 20:28:57.821,"{\"name\": \"Yearly Membership\",\"source\": \"RECEPTION_SIGNUP\"}"
24cd9888-b743-49d6-99e0-9dd290f93b7b,679d63bc-b896-480b-be7f-c48780872ba6,5907b67f-681e-4ba4-86c7-f105c622804d,2023-10-07 19:07:05.993,2023-10-07 19:11:45.972,"{\"name\": \"Weekly Membership\",\"source\": \"RECEPTION_SIGNUP\"}"
d895a409-9f03-43c0-946d-a9b1717afdc0,2b94d71e-6311-4069-944f-d90c3206dc40,cff35823-0647-4ea4-8a9e-fa5609ec40ab,2023-09-01 11:41:23.725,2023-09-01 12:01:52.766,"{\"name\": \"Monthly Membership\",\"source\": \"REFERRAL\"}"
77b23c41-48c9-4493-bbf2-40db442cb444,183bf829-76c2-44c7-8a20-b5c8b073efcb,b615b38a-4314-463e-816f-bbc91d72b5f3,2023-05-23 06:34:09.840,2023-05-23 06:51:53.070,"{\"name\": \"Yearly Membership\",\"source\": \"REFERRAL\"}"
3c67c06e-5feb-43c7-97bc-29754e602ec8,679d63bc-b896-480b-be7f-c48780872ba6,37691161-305d-476e-82e3-c9248078f97f,2023-09-16 00:38:51.619,2023-09-16 00:55:53.107,"{\"name\": \"Weekly Membership\",\"source\": \"REFERRAL\"}"
9ef92827-bbf9-4924-b91d-40b5e0ccd5f6,183bf829-76c2-44c7-8a20-b5c8b073efcb,01e6c458-db78-4b90-a881-b22a2839d41f,2024-02-05 12:30:35.027,2024-02-05 12:44:48.034,"{\"name\": \"Monthly Membership\",\"source\": \"WEBPORTAL\"}"
7961610a-693c-4533-95e8-692a7cf56885,183bf829-76c2-44c7-8a20-b5c8b073efcb,321c7746-ce4a-433e-8702-a0fc9aa1b6d8,2023-07-20 23:52:51.316,2023-07-20 23:53:40.443,"{\"name\": \"Monthly Membership\",\"source\": \"WEBPORTAL\"}"
6534cb41-6517-4ef9-a84c-5685ee6f719d,3591aa99-6a08-4bbc-8ecd-3dd79cb0bc74,ecd5ff98-aef5-4c41-96c5-5891e25a13f9,2023-06-14 12:29:37.872,2023-06-14 12:54:18.271,"{\"name\": \"Yearly Membership\",\"source\": \"WEBPORTAL\"}"
e2ec7e1b-4980-4e60-8805-03293530cc37,2b94d71e-6311-4069-944f-d90c3206dc40,fa6a2a49-e979-4c52-96c9-7ee108f1613c,2024-04-26 07:49:05.108,2024-04-26 07:53:57.341,"{\"name\": \"Weekly Membership\",\"source\": \"WEBPORTAL\"}"
bd2edd61-412a-433a-9d5a-e3096ee943db,dd588b33-76f9-4032-a754-6aa34e26de7b,a57f5449-8667-46af-90f4-39cc80107d2a,2024-01-21 14:20:10.150,2024-01-21 14:24:13.720,"{\"name\": \"Monthly Membership\",\"source\": \"RECEPTION_SIGNUP\"}"
2b5b6b54-0639-42fc-a16d-9dc374639005,679d63bc-b896-480b-be7f-c48780872ba6,566eec54-4322-4c1a-b7ed-9077074bdf11,2024-02-17 20:27:39.333,2024-02-17 20:54:42.803,"{\"name\": \"Yearly Membership\",\"source\": \"RECEPTION_SIGNUP\"}"
da1909ce-a694-43d8-9a4d-b9e2e825269c,2b94d71e-6311-4069-944f-d90c3206dc40,5afc0993-b1d4-4b0d-9d4b-ce9377ac759a,2023-02-18 08:40:45.965,2023-02-18 09:08:25.024,"{\"name\": \"Weekly Membership\",\"source\": \"RECEPTION_SIGNUP\"}"
5213812f-8929-4f7d-9e1f-ce618613460c,3591aa99-6a08-4bbc-8ecd-3dd79cb0bc74,4bc84366-ff2e-45a6-bf51-65c1f649ed81,2023-12-31 07:28:26.116,2023-12-31 07:42:21.890,"{\"name\": \"Monthly Membership\",\"source\": \"REFERRAL\"}"
51372890-bb9c-4f47-ab23-83d1411aead1,3591aa99-6a08-4bbc-8ecd-3dd79cb0bc74,f9c71fde-08a1-4f46-9d06-cffa56793173,2023-04-02 00:47:10.257,2023-04-02 01:06:53.931,"{\"name\": \"Yearly Membership\",\"source\": \"REFERRAL\"}"
f8b3eac7-fd48-4d8d-abf9-87eb94f7ed98,2b94d71e-6311-4069-944f-d90c3206dc40,327bdc59-ae17-4c5e-b800-6b1c6a323813,2023-09-30 02:42:37.521,2023-09-30 02:58:07.381,"{\"name\": \"Weekly Membership\",\"source\": \"REFERRAL\"}"
52b1a258-b7ab-49d3-a7e5-af564a3cd20a,3591aa99-6a08-4bbc-8ecd-3dd79cb0bc74,c228295e-fee6-4a7c-afa2-98581b6a344b,2024-05-29 11:30:27.094,2024-05-29 11:36:05.979,"{\"name\": \"Monthly Membership\",\"source\": \"WEBPORTAL\"}"
f4684124-04b3-4762-a272-8530f3d7c8a1,2b94d71e-6311-4069-944f-d90c3206dc40,417fa7e0-5564-45f4-acee-843a2f1b0dbb,2024-03-24 04:26:05.710,2024-03-24 04:39:28.880,"{\"name\": \"Monthly Membership\",\"source\": \"WEBPORTAL\"}"
7643d20f-356c-4f8b-a909-7b9c1815ca95,183bf829-76c2-44c7-8a20-b5c8b073efcb,96edcf12-0b52-425e-ba47-63d49f923cfa,2024-04-06 04:01:27.792,2024-04-06 04:17:58.113,"{\"name\": \"Yearly Membership\",\"source\": \"WEBPORTAL\"}"
f8b3eac7-fd48-4d8d-abf9-87eb94f7ed98,2b94d71e-6311-4069-944f-d90c3206dc40,78696194-4399-415a-8f41-c5721d0104f3,2024-04-03 09:43:49.015,2024-04-03 09:50:24.464,"{\"name\": \"Weekly Membership\",\"source\": \"WEBPORTAL\"}"
3c67c06e-5feb-43c7-97bc-29754e602ec8,679d63bc-b896-480b-be7f-c48780872ba6,14ad80a9-7318-42f2-8298-6733d8df565e,2023-06-28 15:51:25.514,2023-06-28 16:09:25.447,"{\"name\": \"Monthly Membership\",\"source\": \"RECEPTION_SIGNUP\"}"
f12147b1-8d2b-471a-b2a3-81d1c5f31c11,2b94d71e-6311-4069-944f-d90c3206dc40,48291622-4d45-469f-9341-9c8ccee6b428,2023-03-24 14:04:17.450,2023-03-24 14:15:30.771,"{\"name\": \"Yearly Membership\",\"source\": \"RECEPTION_SIGNUP\"}"
a55211af-ebef-4ac7-bac9-be25c2ea3820,dd588b33-76f9-4032-a754-6aa34e26de7b,939d11c7-6198-45dd-9823-0c0556734ca6,2024-01-16 13:16:45.245,2024-01-16 13:38:55.208,"{\"name\": \"Weekly Membership\",\"source\": \"RECEPTION_SIGNUP\"}"
f8a48090-57fc-4dc0-a435-54fb78a304eb,2b94d71e-6311-4069-944f-d90c3206dc40,a8cad8f9-88a5-4122-9651-539af0fc6b1a,2023-09-14 13:39:58.769,2023-09-14 13:58:48.665,"{\"name\": \"Monthly Membership\",\"source\": \"REFERRAL\"}"
b6befe13-ba16-4736-bc45-db0b26e77c48,dd588b33-76f9-4032-a754-6aa34e26de7b,e22ec300-e3d1-40a5-8ee6-0446721cb89b,2023-04-03 04:13:38.706,2023-04-03 04:30:06.262,"{\"name\": \"Yearly Membership\",\"source\": \"REFERRAL\"}"
9e0fdce5-e985-4fca-991f-6cc8eccc65f5,183bf829-76c2-44c7-8a20-b5c8b073efcb,a9e57044-9c19-4d75-9786-c47b664f4a27,2023-07-31 00:09:47.315,2023-07-31 00:25:23.181,"{\"name\": \"Weekly Membership\",\"source\": \"REFERRAL\"}"
56f7f1af-c9ba-4fd3-b8b9-4068ac2fe5c3,3591aa99-6a08-4bbc-8ecd-3dd79cb0bc74,32ffaa56-5255-4c31-ae19-57b52cbcb912,2024-05-16 16:40:53.704,2024-05-16 16:47:17.924,"{\"name\": \"Monthly Membership\",\"source\": \"WEBPORTAL\"}"
8d26c0ec-2fcd-4080-a114-3b568ff4224b,183bf829-76c2-44c7-8a20-b5c8b073efcb,b9c7c2d1-a47a-4c74-ac89-7890ca3b6952,2024-05-14 17:35:53.367,2024-05-14 18:05:39.459,"{\"name\": \"Monthly Membership\",\"source\": \"WEBPORTAL\"}"
7643d20f-356c-4f8b-a909-7b9c1815ca95,183bf829-76c2-44c7-8a20-b5c8b073efcb,1849df36-a80b-4065-8a9e-3cad3e6be2db,2024-04-07 08:18:53.663,2024-04-07 08:28:07.204,NULL
f8b3eac7-fd48-4d8d-abf9-87eb94f7ed98,2b94d71e-6311-4069-944f-d90c3206dc40,84f2b321-e7dc-42bf-8c07-e1e0aea3c869,2023-03-24 10:11:06.571,2023-03-24 10:19:09.371,"{\"name\": \"Weekly Membership\",\"source\": \"WEBPORTAL\"}"
fa99041b-810d-4486-9689-ef904e7e56a3,2b94d71e-6311-4069-944f-d90c3206dc40,2eb763f4-0b2f-417f-b232-5d38688dcdcf,2024-01-30 03:56:37.325,2024-01-30 04:21:08.567,"{\"name\": \"Monthly Membership\",\"source\": \"RECEPTION_SIGNUP\"}"
546101da-27f9-4d36-849a-2ff3665800ea,3591aa99-6a08-4bbc-8ecd-3dd79cb0bc74,08e45d25-9805-43e5-9d9f-e4a9f62e5860,2023-03-11 07:24:24.687,2023-03-11 07:40:06.596,"{\"name\": \"Yearly Membership\",\"source\": \"RECEPTION_SIGNUP\"}"
adcd90cd-e764-4fe8-8c26-9e0aa21cb017,dd588b33-76f9-4032-a754-6aa34e26de7b,13e643d4-40c1-4b7a-9544-c45569f4f9be,2023-05-15 13:32:12.410,2023-05-15 13:44:29.416,"{\"name\": \"Monthly Membership\",\"source\": \"REFERRAL\"}"
57756acc-a699-4e22-a102-829b7db54e57,3591aa99-6a08-4bbc-8ecd-3dd79cb0bc74,0e0de678-2463-4d3d-bc65-9b26b9b20ab2,2024-03-04 03:37:07.708,2024-03-04 03:48:56.608,"{\"name\": \"Yearly Membership\",\"source\": \"REFERRAL\"}"
b6befe13-ba16-4736-bc45-db0b26e77c48,dd588b33-76f9-4032-a754-6aa34e26de7b,8f92e218-6f32-4856-960a-834274fcc0ef,2024-01-27 06:14:29.923,2024-01-27 06:40:17.562,"{\"name\": \"Weekly Membership\",\"source\": \"REFERRAL\"}"
7280906d-97fa-479f-b257-c9f2d7bfb6ba,183bf829-76c2-44c7-8a20-b5c8b073efcb,82ecb998-810e-4363-8a8c-6c05e05e35c8,2023-03-15 19:55:57.768,2023-03-15 20:06:57.608,"{\"name\": \"Monthly Membership\",\"source\": \"WEBPORTAL\"}"
9e0fdce5-e985-4fca-991f-6cc8eccc65f5,183bf829-76c2-44c7-8a20-b5c8b073efcb,d923283d-1a1a-44c8-9a0a-1202d3f1bf04,2024-05-21 06:33:45.200,2024-05-21 07:02:18.327,"{\"name\": \"Monthly Membership\",\"source\": \"WEBPORTAL\"}"
54078046-db8b-4c5a-80e2-e51057fe8d8e,3591aa99-6a08-4bbc-8ecd-3dd79cb0bc74,9a826476-3d40-47b3-a2e5-44298aa72491,2023-01-18 21:21:39.303,2023-01-18 21:28:16.543,"{\"name\": \"Yearly Membership\",\"source\": \"WEBPORTAL\"}"
57756acc-a699-4e22-a102-829b7db54e57,3591aa99-6a08-4bbc-8ecd-3dd79cb0bc74,8ce6086d-97d1-4613-8fc5-bd73f313d6a0,2023-07-04 21:35:24.684,2023-07-04 22:04:17.523,"{\"name\": \"Weekly Membership\",\"source\": \"WEBPORTAL\"}"
52b1a258-b7ab-49d3-a7e5-af564a3cd20a,3591aa99-6a08-4bbc-8ecd-3dd79cb0bc74,9563ac7d-53bc-4154-a7d7-6445d57f3a04,2023-04-06 16:53:10.834,2023-04-06 17:21:24.969,"{\"name\": \"Monthly Membership\",\"source\": \"RECEPTION_SIGNUP\"}"
89e7214a-055d-45d6-ad43-cc091da33ca2,183bf829-76c2-44c7-8a20-b5c8b073efcb,4e60a46b-7c8d-4836-ad98-0f7d0645eaba,2024-04-09 18:03:01.259,2024-04-09 18:23:18.033,"{\"name\": \"Yearly Membership\",\"source\": \"RECEPTION_SIGNUP\"}"
a2db8651-cf91-4310-a717-1ebb8074950f,183bf829-76c2-44c7-8a20-b5c8b073efcb,ed03727d-c247-47e0-81ec-a385ec88095a,2024-05-07 22:37:40.921,2024-05-07 23:01:11.084,"{\"name\": \"Weekly Membership\",\"source\": \"RECEPTION_SIGNUP\"}"
b6befe13-ba16-4736-bc45-db0b26e77c48,dd588b33-76f9-4032-a754-6aa34e26de7b,e85f4e9e-a367-4fb6-a701-2980e2c2a1b8,2024-05-02 08:30:46.790,2024-05-02 08:48:07.188,"{\"name\": \"Monthly Membership\",\"source\": \"REFERRAL\"}"
85041be6-cf8d-4194-8aaf-72ef4122002a,183bf829-76c2-44c7-8a20-b5c8b073efcb,b0ab4063-bf46-4aed-843c-8252e1fa61ae,2023-09-14 17:57:44.202,2023-09-14 18:01:24.152,"{\"name\": \"Yearly Membership\",\"source\": \"REFERRAL\"}"
5dc072a6-d336-46a9-803f-3ecc4e5fdcaf,3591aa99-6a08-4bbc-8ecd-3dd79cb0bc74,57b36704-8f32-452a-8fc6-82f2ea118093,2024-04-20 19:36:33.626,2024-04-20 19:56:01.479,"{\"name\": \"Weekly Membership\",\"source\": \"REFERRAL\"}"
adcd90cd-e764-4fe8-8c26-9e0aa21cb017,dd588b33-76f9-4032-a754-6aa34e26de7b,31b8ce3e-a819-4d90-a9f3-fadd63cfb5fe,2023-05-18 16:23:35.737,2023-05-18 16:25:50.759,"{\"name\": \"Monthly Membership\",\"source\": \"WEBPORTAL\"}"
a2db8651-cf91-4310-a717-1ebb8074950f,183bf829-76c2-44c7-8a20-b5c8b073efcb,52c561d2-ab0f-470c-b5c9-20baf07223c2,2023-11-12 07:43:37.049,2023-11-12 07:57:36.754,"{\"name\": \"Monthly Membership\",\"source\": \"WEBPORTAL\"}"
9ef92827-bbf9-4924-b91d-40b5e0ccd5f6,183bf829-76c2-44c7-8a20-b5c8b073efcb,02daeb0d-d0ef-4c01-85cf-c895b7d94156,2024-05-20 03:31:53.768,2024-05-20 04:01:05.709,"{\"name\": \"Yearly Membership\",\"source\": \"WEBPORTAL\"}"
a47212ba-9472-4921-95a3-55adb48b6ada,dd588b33-76f9-4032-a754-6aa34e26de7b,80b8a4ad-0861-46f0-9559-30be4489af7d,2023-09-22 17:25:05.235,2023-09-22 17:39:42.859,"{\"name\": \"Weekly Membership\",\"source\": \"WEBPORTAL\"}"
a1562999-410e-466e-9d01-11c2f0846077,183bf829-76c2-44c7-8a20-b5c8b073efcb,027aedc3-df08-4475-af52-9bf7785e49cd,2024-01-31 07:04:56.959,2024-01-31 07:26:45.857,"{\"name\": \"Monthly Membership\",\"source\": \"RECEPTION_SIGNUP\"}"
2ae67883-12f5-441c-81bf-6b3ba94b71de,679d63bc-b896-480b-be7f-c48780872ba6,e4dec3d5-c5ba-4a6d-a2b9-3dd514ffb91e,2024-05-01 08:09:14.926,2024-05-01 08:22:13.620,"{\"name\": \"Yearly Membership\",\"source\": \"RECEPTION_SIGNUP\"}"
eb771fd1-d7c7-4ca5-ac40-a797f7a87e08,2b94d71e-6311-4069-944f-d90c3206dc40,46c36b7e-ed5d-4895-bf9f-0dbc8953670e,2024-04-14 04:17:36.320,2024-04-14 04:39:00.972,"{\"name\": \"Weekly Membership\",\"source\": \"RECEPTION_SIGNUP\"}"
875a9117-fd70-4f90-902a-91c04a7e6727,183bf829-76c2-44c7-8a20-b5c8b073efcb,1d717dfe-5d76-4c5b-b830-1dc950f1cef5,2023-02-12 03:19:33.184,2023-02-12 03:32:57.180,"{\"name\": \"Monthly Membership\",\"source\": \"REFERRAL\"}"
2b5b6b54-0639-42fc-a16d-9dc374639005,679d63bc-b896-480b-be7f-c48780872ba6,64528340-3c1d-4539-9bd6-c65bfd99333e,2024-06-20 15:52:56.294,2024-06-20 15:55:09.839,"{\"name\": \"Yearly Membership\",\"source\": \"REFERRAL\"}"
5dcad327-7a64-450e-89fd-d6047499d84a,3591aa99-6a08-4bbc-8ecd-3dd79cb0bc74,b64449c6-6f5b-408f-9b59-368afc4dbf7c,2024-04-29 17:08:21.149,2024-04-29 17:22:15.116,"{\"name\": \"Weekly Membership\",\"source\": \"REFERRAL\"}"
b06251b8-a11b-4e92-8c79-2f57cacd59ec,dd588b33-76f9-4032-a754-6aa34e26de7b,b4705761-4939-478c-a68b-0038565efaab,2023-11-08 22:02:07.770,2023-11-08 22:24:46.552,"{\"name\": \"Yearly Membership\",\"source\": \"WEBPORTAL\"}"
7961610a-693c-4533-95e8-692a7cf56885,183bf829-76c2-44c7-8a20-b5c8b073efcb,7cb4fe7b-9528-4904-8fae-04fa26df6779,2023-12-26 14:17:10.298,2023-12-26 14:45:38.578,"{\"name\": \"Weekly Membership\",\"source\": \"WEBPORTAL\"}"
51372890-bb9c-4f47-ab23-83d1411aead1,3591aa99-6a08-4bbc-8ecd-3dd79cb0bc74,5416c611-804e-4244-8be6-d3bfec1db277,2023-08-03 00:16:53.788,2023-08-03 00:25:44.819,"{\"name\": \"Monthly Membership\",\"source\": \"RECEPTION_SIGNUP\"}"
9e0fdce5-e985-4fca-991f-6cc8eccc65f5,183bf829-76c2-44c7-8a20-b5c8b073efcb,ddc3d7a0-82ec-4726-802e-7bceaf30f662,2023-06-23 19:57:21.805,2023-06-23 20:18:41.993,"{\"name\": \"Yearly Membership\",\"source\": \"RECEPTION_SIGNUP\"}"
9e0fdce5-e985-4fca-991f-6cc8eccc65f5,183bf829-76c2-44c7-8a20-b5c8b073efcb,0aed4721-7b01-4bb6-a19d-39d144e508d5,2024-04-24 15:34:19.118,2024-04-24 15:57:35.854,"{\"name\": \"Monthly Membership\",\"source\": \"REFERRAL\"}"
9010107a-a1b5-4f7f-b9cb-4b0eafe25098,183bf829-76c2-44c7-8a20-b5c8b073efcb,427028e6-0508-4559-9e56-60fd446530a0,2023-04-19 04:02:13.474,2023-04-19 04:29:02.343,"{\"name\": \"Yearly Membership\",\"source\": \"REFERRAL\"}"
fbaddd3a-4116-40ea-a8ac-52aab1849697,2b94d71e-6311-4069-944f-d90c3206dc40,cc4a10c2-4741-4e40-8f92-cd12767b9a28,2023-08-25 07:22:55.006,2023-08-25 07:25:37.660,"{\"name\": \"Weekly Membership\",\"source\": \"REFERRAL\"}"
546101da-27f9-4d36-849a-2ff3665800ea,3591aa99-6a08-4bbc-8ecd-3dd79cb0bc74,9a54d9af-fed0-42c1-b1c2-bc42b3d9c368,2023-01-03 04:50:00.965,2023-01-03 05:04:16.124,"{\"name\": \"Monthly Membership\",\"source\": \"WEBPORTAL\"}"
5213812f-8929-4f7d-9e1f-ce618613460c,3591aa99-6a08-4bbc-8ecd-3dd79cb0bc74,a1d3f0bd-b388-4a92-be1f-9192ab05a061,2024-02-17 20:26:15.333,2024-02-17 20:46:35.751,"{\"name\": \"Monthly Membership\",\"source\": \"WEBPORTAL\"}"
e8340470-366b-40b8-80e3-d36fb59cf325,2b94d71e-6311-4069-944f-d90c3206dc40,ccf02167-6365-4c58-a7e9-7cf0bacd30cc,2024-02-16 23:24:23.100,2024-02-16 23:45:38.402,"{\"name\": \"Yearly Membership\",\"source\": \"WEBPORTAL\"}"
968aaa29-7b8e-4adb-bcfe-0c3f0154c68f,183bf829-76c2-44c7-8a20-b5c8b073efcb,3d6d6115-33f6-462c-b384-75c5e55e5660,2024-03-12 06:58:47.380,2024-03-12 07:27:45.855,"{\"name\": \"Weekly Membership\",\"source\": \"WEBPORTAL\"}"
e2ec7e1b-4980-4e60-8805-03293530cc37,2b94d71e-6311-4069-944f-d90c3206dc40,bf705653-ea60-4260-a36b-794f8fd091fd,2024-04-23 16:44:02.211,2024-04-23 17:03:09.857,"{\"name\": \"Monthly Membership\",\"source\": \"RECEPTION_SIGNUP\"}"
56f7f1af-c9ba-4fd3-b8b9-4068ac2fe5c3,3591aa99-6a08-4bbc-8ecd-3dd79cb0bc74,8e287f4b-01c7-4282-8c3a-3c7aec803f4d,2023-09-29 11:06:58.627,2023-09-29 11:23:21.970,"{\"name\": \"Yearly Membership\",\"source\": \"RECEPTION_SIGNUP\"}"
fac87498-7b32-48e5-842d-8f6e8a753b0e,2b94d71e-6311-4069-944f-d90c3206dc40,80659e83-63f8-4820-838c-9d59e71eda89,2023-10-19 04:07:02.042,2023-10-19 04:35:40.054,"{\"name\": \"Weekly Membership\",\"source\": \"RECEPTION_SIGNUP\"}"
6a388309-2818-4170-8909-3167eb82df1e,3591aa99-6a08-4bbc-8ecd-3dd79cb0bc74,836ee22a-0811-40cf-93a5-687a14779a72,2024-05-05 06:51:21.853,2024-05-05 07:18:34.145,"{\"name\": \"Monthly Membership\",\"source\": \"REFERRAL\"}"
b6befe13-ba16-4736-bc45-db0b26e77c48,dd588b33-76f9-4032-a754-6aa34e26de7b,d804bd99-5b61-4364-8c07-4683130087de,2023-12-09 17:59:00.885,2023-12-09 18:20:15.728,"{\"name\": \"Yearly Membership\",\"source\": \"REFERRAL\"}"
bd2edd61-412a-433a-9d5a-e3096ee943db,dd588b33-76f9-4032-a754-6aa34e26de7b,c429764e-9f52-43d8-b060-b55cd5059b3d,2023-01-12 13:04:28.772,2023-01-12 13:30:00.168,"{\"name\": \"Weekly Membership\",\"source\": \"REFERRAL\"}"
9e0fdce5-e985-4fca-991f-6cc8eccc65f5,183bf829-76c2-44c7-8a20-b5c8b073efcb,0f699020-14b3-4aec-ae9f-a1b5b82a6b95,2023-10-16 22:32:21.177,2023-10-16 22:44:53.428,"{\"name\": \"Monthly Membership\",\"source\": \"WEBPORTAL\"}"
6534cb41-6517-4ef9-a84c-5685ee6f719d,3591aa99-6a08-4bbc-8ecd-3dd79cb0bc74,904514cd-6ab1-4ad8-a480-5b13f040b721,2023-05-07 09:29:05.490,2023-05-07 09:55:34.879,"{\"name\": \"Monthly Membership\",\"source\": \"WEBPORTAL\"}"
89e7214a-055d-45d6-ad43-cc091da33ca2,183bf829-76c2-44c7-8a20-b5c8b073efcb,f588e49c-e331-449c-ae4b-f8ce4c1ef483,2023-10-02 02:39:29.935,2023-10-02 03:02:38.208,"{\"name\": \"Weekly Membership\",\"source\": \"WEBPORTAL\"}"
eb8539e3-7f81-4399-9872-6c8406858054,2b94d71e-6311-4069-944f-d90c3206dc40,28819bb6-3398-4d3e-9b5c-3b75277dd973,2024-03-07 19:56:19.460,2024-03-07 20:25:55.510,"{\"name\": \"Monthly Membership\",\"source\": \"RECEPTION_SIGNUP\"}"
7280906d-97fa-479f-b257-c9f2d7bfb6ba,183bf829-76c2-44c7-8a20-b5c8b073efcb,d43c0105-0756-446f-b729-4eb10718e707,2024-03-12 08:31:15.458,2024-03-12 08:34:25.772,"{}"
ab2532fd-4844-43a0-831a-b2ffa9a3ffba,dd588b33-76f9-4032-a754-6aa34e26de7b,fd722905-4f01-4464-8f8e-ff7049cd5962,2023-12-29 20:21:35.135,2023-12-29 20:24:06.069,"{\"name\": \"Weekly Membership\",\"source\": \"RECEPTION_SIGNUP\"}"
a3a9ee53-9c57-42e3-8d4f-147e4881dce7,dd588b33-76f9-4032-a754-6aa34e26de7b,618a7926-5928-43a6-bcb5-5fce15548fff,2023-04-26 01:04:05.917,2023-04-26 01:30:19.114,"{\"name\": \"Monthly Membership\",\"source\": \"REFERRAL\"}"
a2db8651-cf91-4310-a717-1ebb8074950f,183bf829-76c2-44c7-8a20-b5c8b073efcb,b1b3cec8-addb-4847-851c-7a0f2dbd27f0,2024-05-09 13:56:19.488,2024-05-09 14:13:14.178,"{\"name\": \"Yearly Membership\",\"source\": \"REFERRAL\"}"
e56e4383-5fed-4155-9a42-5d722b60e90d,2b94d71e-6311-4069-944f-d90c3206dc40,0f3617a7-7e7d-4adc-b9c0-30ec8798b142,2023-09-18 12:59:53.538,2023-09-18 13:08:38.752,"{\"name\": \"Weekly Membership\",\"source\": \"REFERRAL\"}"
ab2532fd-4844-43a0-831a-b2ffa9a3ffba,dd588b33-76f9-4032-a754-6aa34e26de7b,642566e5-7edd-4d11-bdf0-0ad5aca39147,2023-07-15 19:58:28.364,2023-07-15 20:04:19.459,"{\"name\": \"Monthly Membership\",\"source\": \"WEBPORTAL\"}"
6c06a496-88a8-40c0-a3f5-fa590c73b2fa,3591aa99-6a08-4bbc-8ecd-3dd79cb0bc74,25e4d299-1f0d-4f5c-8f7a-bbc3358c0352,2024-02-16 09:59:38.024,2024-02-16 10:15:45.346,"{\"name\": \"Monthly Membership\",\"source\": \"WEBPORTAL\"}"
57756acc-a699-4e22-a102-829b7db54e57,3591aa99-6a08-4bbc-8ecd-3dd79cb0bc74,8944d1df-3b7b-42c7-b175-60bbb9841ef6,2023-10-14 17:47:51.639,2023-10-14 18:11:18.974,"{\"name\": \"Yearly Membership\",\"source\": \"WEBPORTAL\"}"
fd1c3dfc-c0e6-4cc2-bab7-c67e026bb939,2b94d71e-6311-4069-944f-d90c3206dc40,53e27d9b-3129-4929-8f8c-4bb42f56f3cc,2023-09-11 07:16:12.372,2023-09-11 07:16:57.025,"{\"name\": \"Weekly Membership\",\"source\": \"WEBPORTAL\"}"
7961610a-693c-4533-95e8-692a7cf56885,183bf829-76c2-44c7-8a20-b5c8b073efcb,5fb053bc-f450-4ac4-92c4-62d6615c8af7,2023-03-28 12:20:20.181,2023-03-28 12:47:40.164,"{\"name\": \"Monthly Membership\",\"source\": \"RECEPTION_SIGNUP\"}"
56f7f1af-c9ba-4fd3-b8b9-4068ac2fe5c3,3591aa99-6a08-4bbc-8ecd-3dd79cb0bc74,a5fc15ea-b25b-4342-bf2c-99ef6026b468,2024-02-25 17:22:56.554,2024-02-25 17:38:32.776,"{\"name\": \"Yearly Membership\",\"source\": \"RECEPTION_SIGNUP\"}"
d66b2d2c-023c-48df-b3e3-4f79841d10aa,dd588b33-76f9-4032-a754-6aa34e26de7b,c4729fe6-b48b-4dd8-9b2b-70ffe11666f3,2023-06-14 06:55:35.191,2023-06-14 07:22:48.214,"{\"name\": \"Weekly Membership\",\"source\": \"RECEPTION_SIGNUP\"}"
e2ec7e1b-4980-4e60-8805-03293530cc37,2b94d71e-6311-4069-944f-d90c3206dc40,250f45a3-38bc-4933-8a20-9a661c9ba18d,2024-07-01 13:43:02.784,2024-07-01 13:54:28.708,"{\"name\": \"Yearly Membership\",\"source\": \"REFERRAL\"}"
d66b2d2c-023c-48df-b3e3-4f79841d10aa,dd588b33-76f9-4032-a754-6aa34e26de7b,85a1b6ea-e097-4258-8800-d34cad85c834,2024-05-03 02:56:22.710,2024-05-03 03:00:36.127,"{\"name\": \"Weekly Membership\",\"source\": \"REFERRAL\"}"
bd2edd61-412a-433a-9d5a-e3096ee943db,dd588b33-76f9-4032-a754-6aa34e26de7b,7fed852e-ae1d-4f7a-8477-9fc9f0f884a4,2024-04-28 16:13:08.321,2024-04-28 16:29:58.973,"{\"name\": \"Monthly Membership\",\"source\": \"WEBPORTAL\"}"
47c8a66c-1f67-49c4-b275-86d357254c35,3591aa99-6a08-4bbc-8ecd-3dd79cb0bc74,ae8f2c9e-5c6e-41d6-afa6-3060abfefcf7,2023-12-12 02:32:31.879,2023-12-12 02:58:04.793,"{\"name\": \"Monthly Membership\",\"source\": \"WEBPORTAL\"}"
6a388309-2818-4170-8909-3167eb82df1e,3591aa99-6a08-4bbc-8ecd-3dd79cb0bc74,bac3cf4a-d117-46cc-8159-9c1d9a311a1a,2023-08-30 18:08:13.531,2023-08-30 18:15:53.430,"{\"name\": \"Yearly Membership\",\"source\": \"WEBPORTAL\"}"
7e8795e8-325f-4e65-970a-e58430316ea7,183bf829-76c2-44c7-8a20-b5c8b073efcb,881872fb-1c61-40cc-8432-b9d5d9b32cec,2023-07-08 11:36:23.820,2023-07-08 12:03:21.401,"{\"name\": \"Weekly Membership\",\"source\": \"WEBPORTAL\"}"
d66b2d2c-023c-48df-b3e3-4f79841d10aa,dd588b33-76f9-4032-a754-6aa34e26de7b,84d4f3c4-8400-45b6-8941-a2f48b2b8d83,2023-12-18 11:54:49.812,2023-12-18 12:24:22.281,"{\"name\": \"Monthly Membership\",\"source\": \"RECEPTION_SIGNUP\"}"
fa99041b-810d-4486-9689-ef904e7e56a3,2b94d71e-6311-4069-944f-d90c3206dc40,3b13c036-ff01-4678-889d-caec0974e585,2024-02-17 12:12:53.720,2024-02-17 12:31:45.760,"{\"name\": \"Yearly Membership\",\"source\": \"RECEPTION_SIGNUP\"}"
993ff139-1fb7-4da7-98e0-62eff86a96e7,183bf829-76c2-44c7-8a20-b5c8b073efcb,abc60e01-86c1-43e6-a5d8-36e2c40cd634,2023-08-05 06:14:05.451,2023-08-05 06:18:28.500,"{\"name\": \"Weekly Membership\",\"source\": \"RECEPTION_SIGNUP\"}"
dfc13311-c09a-4485-872e-7b4411fb23a1,2b94d71e-6311-4069-944f-d90c3206dc40,9c82bada-bd49-476f-a14d-e84b09728d95,2023-05-17 02:07:44.127,2023-05-17 02:11:10.945,"{\"name\": \"Monthly Membership\",\"source\": \"REFERRAL\"}"
2653569d-07f8-4729-81e9-ef6a53d11b76,679d63bc-b896-480b-be7f-c48780872ba6,7b959225-92a5-4b0e-b2af-caa54e958620,2023-04-05 18:42:55.838,2023-04-05 18:59:43.088,"{\"name\": \"Yearly Membership\",\"source\": \"REFERRAL\"}"
968aaa29-7b8e-4adb-bcfe-0c3f0154c68f,183bf829-76c2-44c7-8a20-b5c8b073efcb,1f30b1c3-9046-47fe-95d1-c97141617efb,2023-05-05 03:53:57.661,2023-05-05 04:14:31.884,"{\"name\": \"Weekly Membership\",\"source\": \"REFERRAL\"}"
546101da-27f9-4d36-849a-2ff3665800ea,3591aa99-6a08-4bbc-8ecd-3dd79cb0bc74,ee45def3-eb3e-43a8-98a8-12085331fbfa,2023-09-06 02:34:47.269,2023-09-06 02:44:31.804,"{\"name\": \"Monthly Membership\",\"source\": \"WEBPORTAL\"}"
57756acc-a699-4e22-a102-829b7db54e57,3591aa99-6a08-4bbc-8ecd-3dd79cb0bc74,c9ffb294-944e-4618-b40b-c0f6a7687f1e,2023-01-26 13:22:45.754,2023-01-26 13:33:54.544,"{\"name\": \"Yearly Membership\",\"source\": \"WEBPORTAL\"}"
e2ec7e1b-4980-4e60-8805-03293530cc37,2b94d71e-6311-4069-944f-d90c3206dc40,9e2029d7-a1bd-4628-9202-207481406a41,2023-04-02 17:45:23.404,2023-04-02 18:12:11.399,"{\"name\": \"Weekly Membership\",\"source\": \"WEBPORTAL\"}"
348a9a95-f1a3-412d-9824-894cd77f1e3a,679d63bc-b896-480b-be7f-c48780872ba6,392d31cf-e6cf-40c4-8b6b-fd05ccd42c18,2023-10-18 18:32:03.813,2023-10-18 18:54:35.477,"{\"name\": \"Monthly Membership\",\"source\": \"RECEPTION_SIGNUP\"}"
a1562999-410e-466e-9d01-11c2f0846077,183bf829-76c2-44c7-8a20-b5c8b073efcb,8963e52a-a91c-4b1c-b6cc-6351a189c321,2024-05-01 21:00:44.720,2024-05-01 21:26:54.114,"{\"name\": \"Weekly Membership\",\"source\": \"RECEPTION_SIGNUP\"}"
a3a9ee53-9c57-42e3-8d4f-147e4881dce7,dd588b33-76f9-4032-a754-6aa34e26de7b,56310ee1-6cc4-4fa7-85bd-c1261f77cbf3,2023-02-16 14:12:54.616,2023-02-16 14:20:40.224,"{\"name\": \"Monthly Membership\",\"source\": \"REFERRAL\"}"
a2db8651-cf91-4310-a717-1ebb8074950f,183bf829-76c2-44c7-8a20-b5c8b073efcb,cd694ec9-53ce-494a-b859-1ed0a14f8e56,2024-01-07 02:00:24.517,2024-01-07 02:22:20.543,"{\"name\": \"Weekly Membership\",\"source\": \"REFERRAL\"}"
452aa4a9-191c-46f1-a106-7f4235681677,679d63bc-b896-480b-be7f-c48780872ba6,52c99aca-c7ba-498f-a724-dbc568fa9edb,2023-07-01 18:50:20.121,2023-07-01 19:12:58.474,"{\"name\": \"Monthly Membership\",\"source\": \"WEBPORTAL\"}"
5dcad327-7a64-450e-89fd-d6047499d84a,3591aa99-6a08-4bbc-8ecd-3dd79cb0bc74,ed2e8be7-0345-4ccd-b1ca-b2b8b4e0a80c,2023-08-30 23:50:30.490,2023-08-31 00:13:25.169,"{\"name\": \"Monthly Membership\",\"source\": \"WEBPORTAL\"}"
7280906d-97fa-479f-b257-c9f2d7bfb6ba,183bf829-76c2-44c7-8a20-b5c8b073efcb,fdd8aa6c-42d3-45e2-9643-08aef41dfb11,2023-11-09 04:56:50.556,2023-11-09 05:09:33.706,"{\"name\": \"Yearly Membership\",\"source\": \"WEBPORTAL\"}"
7643d20f-356c-4f8b-a909-7b9c1815ca95,183bf829-76c2-44c7-8a20-b5c8b073efcb,2b6e4e2d-51ca-44d1-8d59-3f38cefd9f80,2023-03-09 06:20:06.930,2023-03-09 06:29:17.387,"{\"name\": \"Monthly Membership\",\"source\": \"RECEPTION_SIGNUP\"}"
3c67c06e-5feb-43c7-97bc-29754e602ec8,679d63bc-b896-480b-be7f-c48780872ba6,aa6bd26f-7887-4b1d-a8db-d4e3c14dcf40,2023-01-17 21:52:22.631,2023-01-17 22:19:59.622,"{\"name\": \"Yearly Membership\",\"source\": \"RECEPTION_SIGNUP\"}"
5ab65223-ff3e-4d46-b3b4-2ecb9e68add9,3591aa99-6a08-4bbc-8ecd-3dd79cb0bc74,0727ff7b-d82b-4d09-a887-0b68bd1ad549,2024-03-06 06:22:21.886,2024-03-06 06:24:49.446,"{\"name\": \"Weekly Membership\",\"source\": \"RECEPTION_SIGNUP\"}"
6a388309-2818-4170-8909-3167eb82df1e,3591aa99-6a08-4bbc-8ecd-3dd79cb0bc74,abad34fe-664a-4893-b19a-a9398e570634,2023-09-21 21:14:24.373,2023-09-21 21:37:33.337,"{\"name\": \"Monthly Membership\",\"source\": \"REFERRAL\"}"
dfc13311-c09a-4485-872e-7b4411fb23a1,2b94d71e-6311-4069-944f-d90c3206dc40,1e359e86-4abf-43dc-b459-b4a020459312,2024-04-27 09:53:19.145,2024-04-27 10:07:05.905,"{\"name\": \"Yearly Membership\",\"source\": \"REFERRAL\"}"
3c67c06e-5feb-43c7-97bc-29754e602ec8,679d63bc-b896-480b-be7f-c48780872ba6,92b767f6-93a3-471c-a56a-c20c196beb43,2023-08-17 18:20:47.147,2023-08-17 18:37:08.508,"{\"name\": \"Weekly Membership\",\"source\": \"REFERRAL\"}"
7961610a-693c-4533-95e8-692a7cf56885,183bf829-76c2-44c7-8a20-b5c8b073efcb,ad6183a3-685f-489b-a553-9ce856c228e1,2023-12-30 16:11:17.581,2023-12-30 16:13:39.136,"{\"name\": \"Monthly Membership\",\"source\": \"WEBPORTAL\"}"
5a8223b4-ca9f-4698-ac36-bdc6d3f0bc66,3591aa99-6a08-4bbc-8ecd-3dd79cb0bc74,b45b23b3-de23-41d9-935d-9a104481eefd,2023-09-18 21:50:01.349,2023-09-18 22:12:01.985,"{\"name\": \"Monthly Membership\",\"source\": \"WEBPORTAL\"}"
452aa4a9-191c-46f1-a106-7f4235681677,679d63bc-b896-480b-be7f-c48780872ba6,e918cd79-944f-47d8-b475-b1890a947035,2023-01-05 13:29:18.923,2023-01-05 13:40:52.899,"{\"name\": \"Yearly Membership\",\"source\": \"WEBPORTAL\"}"
3c67c06e-5feb-43c7-97bc-29754e602ec8,679d63bc-b896-480b-be7f-c48780872ba6,0b0bdb6e-61d8-4a91-9e03-bae3d450c1cf,2023-01-19 10:24:04.263,2023-01-19 10:48:01.778,"{\"name\": \"Weekly Membership\",\"source\": \"WEBPORTAL\"}"
50da1ec7-c569-41b9-abac-1559cb7ac89c,3591aa99-6a08-4bbc-8ecd-3dd79cb0bc74,e04babac-6f52-4730-8aa2-40a7417e887f,2023-12-22 23:14:38.857,2023-12-22 23:39:02.925,"{\"name\": \"Monthly Membership\",\"source\": \"RECEPTION_SIGNUP\"}"
dfc13311-c09a-4485-872e-7b4411fb23a1,2b94d71e-6311-4069-944f-d90c3206dc40,3c5a85ef-a145-4c4b-a7b4-e2bc8d0471b6,2023-08-30 01:12:51.727,2023-08-30 01:14:31.402,"{\"name\": \"Yearly Membership\",\"source\": \"RECEPTION_SIGNUP\"}"
875a9117-fd70-4f90-902a-91c04a7e6727,183bf829-76c2-44c7-8a20-b5c8b073efcb,1b28442b-7bc3-4ea9-a9d4-7f139d23d63d,2023-08-28 02:51:12.981,2023-08-28 02:55:45.504,"{\"name\": \"Weekly Membership\",\"source\": \"RECEPTION_SIGNUP\"}"
546101da-27f9-4d36-849a-2ff3665800ea,3591aa99-6a08-4bbc-8ecd-3dd79cb0bc74,d771732e-13be-4923-bb20-408f81ab4e00,2024-01-09 11:10:40.060,2024-01-09 11:34:01.567,"{\"name\": \"Monthly Membership\",\"source\": \"REFERRAL\"}"
5d4f5cc4-f636-496a-953b-975485db9258,3591aa99-6a08-4bbc-8ecd-3dd79cb0bc74,06d9d860-6f91-43b2-b2b0-05fb0f99dabf,2023-09-07 01:59:32.059,2023-09-07 02:08:14.086,"{\"name\": \"Yearly Membership\",\"source\": \"REFERRAL\"}"
f12147b1-8d2b-471a-b2a3-81d1c5f31c11,2b94d71e-6311-4069-944f-d90c3206dc40,baa2e460-8e30-41ea-9635-cb2b3c6eca76,2024-05-16 23:54:44.029,2024-05-17 00:02:23.632,"{\"name\": \"Weekly Membership\",\"source\": \"REFERRAL\"}"
452aa4a9-191c-46f1-a106-7f4235681677,679d63bc-b896-480b-be7f-c48780872ba6,e3d0bf7f-3829-4031-806b-843089260db9,2024-05-11 05:01:22.984,2024-05-11 05:24:50.553,"{\"name\": \"Monthly Membership\",\"source\": \"WEBPORTAL\"}"
f8b3eac7-fd48-4d8d-abf9-87eb94f7ed98,2b94d71e-6311-4069-944f-d90c3206dc40,fb3f4eb0-198d-4970-bd92-d31ac30760c4,2023-09-09 10:37:36.538,2023-09-09 10:46:42.255,"{\"name\": \"Monthly Membership\",\"source\": \"WEBPORTAL\"}"
fd1c3dfc-c0e6-4cc2-bab7-c67e026bb939,2b94d71e-6311-4069-944f-d90c3206dc40,01c9a048-a105-4325-8605-269075bd16ec,2023-12-13 01:25:03.167,2023-12-13 01:52:42.983,"{\"name\": \"Yearly Membership\",\"source\": \"WEBPORTAL\"}"
dfc13311-c09a-4485-872e-7b4411fb23a1,2b94d71e-6311-4069-944f-d90c3206dc40,4c6057d2-1938-4c9d-b3bf-a3c1194e1f34,2023-11-13 01:10:06.713,2023-11-13 01:23:16.936,"{\"name\": \"Weekly Membership\",\"source\": \"WEBPORTAL\"}"
9010107a-a1b5-4f7f-b9cb-4b0eafe25098,183bf829-76c2-44c7-8a20-b5c8b073efcb,70db5121-2545-4baa-829d-e4d88d03ac31,2023-01-03 20:55:13.221,2023-01-03 21:00:49.483,"{\"name\": \"Monthly Membership\",\"source\": \"RECEPTION_SIGNUP\"}"
fa99041b-810d-4486-9689-ef904e7e56a3,2b94d71e-6311-4069-944f-d90c3206dc40,90074551-7c2f-40ad-ad07-1fc20ed29687,2023-04-08 20:42:39.581,2023-04-08 21:04:48.032,"{\"name\": \"Yearly Membership\",\"source\": \"RECEPTION_SIGNUP\"}"
d66b2d2c-023c-48df-b3e3-4f79841d10aa,dd588b33-76f9-4032-a754-6aa34e26de7b,7a0bf5d4-c6bb-4db5-9e4c-9befb500f572,2023-10-29 22:31:17.892,2023-10-29 22:52:37.640,"{\"name\": \"Weekly Membership\",\"source\": \"RECEPTION_SIGNUP\"}"
9ef92827-bbf9-4924-b91d-40b5e0ccd5f6,183bf829-76c2-44c7-8a20-b5c8b073efcb,ff2575c8-206a-42aa-936c-f6418a334794,2023-03-04 13:35:32.091,2023-03-04 13:43:54.454,"{\"name\": \"Yearly Membership\",\"source\": \"REFERRAL\"}"
b6befe13-ba16-4736-bc45-db0b26e77c48,dd588b33-76f9-4032-a754-6aa34e26de7b,90d2cd64-4f81-4bd4-9479-6329a7e97d68,2023-07-17 14:47:00.815,2023-07-17 15:05:50.558,"{\"name\": \"Weekly Membership\",\"source\": \"REFERRAL\"}"
57756acc-a699-4e22-a102-829b7db54e57,3591aa99-6a08-4bbc-8ecd-3dd79cb0bc74,60094e8d-50e3-48f4-89a0-8c426103f023,2024-01-05 14:43:22.259,2024-01-05 15:02:48.507,"{\"name\": \"Monthly Membership\",\"source\": \"WEBPORTAL\"}"
9010107a-a1b5-4f7f-b9cb-4b0eafe25098,183bf829-76c2-44c7-8a20-b5c8b073efcb,fa682bf8-ae15-49ee-a139-729cf7e1c843,2024-02-17 09:34:42.666,2024-02-17 10:03:15.455,"{\"name\": \"Monthly Membership\",\"source\": \"WEBPORTAL\"}"
50da1ec7-c569-41b9-abac-1559cb7ac89c,3591aa99-6a08-4bbc-8ecd-3dd79cb0bc74,7300bd48-052d-4c15-b3ad-4b505f1babf1,2024-01-09 12:53:45.115,2024-01-09 13:02:11.716,"{\"name\": \"Yearly Membership\",\"source\": \"WEBPORTAL\"}"
5dcad327-7a64-450e-89fd-d6047499d84a,3591aa99-6a08-4bbc-8ecd-3dd79cb0bc74,cfa3afb3-cf86-4cd7-a5cf-0838cb1305bc,2023-03-08 04:58:36.825,2023-03-08 05:27:33.842,"{\"name\": \"Weekly Membership\",\"source\": \"WEBPORTAL\"}"
993ff139-1fb7-4da7-98e0-62eff86a96e7,183bf829-76c2-44c7-8a20-b5c8b073efcb,cc3aa1cf-39d9-4be9-a587-7f4f1175715b,2024-02-21 21:06:36.923,2024-02-21 21:13:52.240,"{\"name\": \"Monthly Membership\",\"source\": \"RECEPTION_SIGNUP\"}"
dd36cf94-b0ec-490a-acd8-1a99a6686601,2b94d71e-6311-4069-944f-d90c3206dc40,fc083969-0a33-491a-863d-b5403dc58ae4,2023-03-31 15:00:30.857,2023-03-31 15:11:09.689,"{\"name\": \"Yearly Membership\",\"source\": \"RECEPTION_SIGNUP\"}"
56f7f1af-c9ba-4fd3-b8b9-4068ac2fe5c3,3591aa99-6a08-4bbc-8ecd-3dd79cb0bc74,9d94a266-ce44-42f8-8fbc-700a8c44adba,2024-04-09 02:30:34.513,2024-04-09 02:43:21.425,"{\"name\": \"Weekly Membership\",\"source\": \"RECEPTION_SIGNUP\"}"
6c06a496-88a8-40c0-a3f5-fa590c73b2fa,3591aa99-6a08-4bbc-8ecd-3dd79cb0bc74,fdad8dd0-49d8-4674-bcfe-38b576b5e4f1,2023-02-27 06:00:12.806,2023-02-27 06:25:28.800,"{\"name\": \"Monthly Membership\",\"source\": \"REFERRAL\"}"
4afd9e20-2e32-47de-a59b-a485fa333b0b,3591aa99-6a08-4bbc-8ecd-3dd79cb0bc74,2ffdee69-2961-4ca2-b9c3-45bf0b885983,2023-07-12 17:15:15.249,2023-07-12 17:26:11.677,"{\"name\": \"Yearly Membership\",\"source\": \"REFERRAL\"}"
50da1ec7-c569-41b9-abac-1559cb7ac89c,3591aa99-6a08-4bbc-8ecd-3dd79cb0bc74,47b1306b-1154-4c75-ac58-3240de27ae19,2023-12-16 22:15:13.761,2023-12-16 22:42:19.286,"{\"name\": \"Weekly Membership\",\"source\": \"REFERRAL\"}"
82cd1bb4-f8cf-49fd-8cac-104fc0cbb024,183bf829-76c2-44c7-8a20-b5c8b073efcb,92a0a535-e3b2-4b6e-975c-d311937f93e5,2023-06-30 12:51:51.058,2023-06-30 13:02:52.410,"{\"name\": \"Monthly Membership\",\"source\": \"WEBPORTAL\"}"
5a8223b4-ca9f-4698-ac36-bdc6d3f0bc66,3591aa99-6a08-4bbc-8ecd-3dd79cb0bc74,af42333a-24e2-4245-bf66-5d2a4750690b,2024-05-02 05:02:55.921,2024-05-02 05:30:27.640,"{\"name\": \"Monthly Membership\",\"source\": \"WEBPORTAL\"}"
54078046-db8b-4c5a-80e2-e51057fe8d8e,3591aa99-6a08-4bbc-8ecd-3dd79cb0bc74,c13f2616-f6b7-4452-ae2d-c4a04543ebf0,2024-02-03 03:50:47.657,2024-02-03 04:11:11.087,"{\"name\": \"Yearly Membership\",\"source\": \"WEBPORTAL\"}"
f8a48090-57fc-4dc0-a435-54fb78a304eb,2b94d71e-6311-4069-944f-d90c3206dc40,d7d75455-739f-4ad5-88ad-6b98d68df1e0,2023-10-22 15:43:22.220,2023-10-22 15:44:00.486,"{\"name\": \"Weekly Membership\",\"source\": \"WEBPORTAL\"}"
56f7f1af-c9ba-4fd3-b8b9-4068ac2fe5c3,3591aa99-6a08-4bbc-8ecd-3dd79cb0bc74,308b4651-38fc-4660-ba40-56334cf94db4,2023-09-05 04:12:16.688,2023-09-05 04:40:10.054,"{\"name\": \"Monthly Membership\",\"source\": \"RECEPTION_SIGNUP\"}"
a3a9ee53-9c57-42e3-8d4f-147e4881dce7,dd588b33-76f9-4032-a754-6aa34e26de7b,7c53abae-de25-4e8b-b605-bacb4fd3167e,2023-06-22 03:57:42.493,2023-06-22 04:03:39.520,"{\"name\": \"Yearly Membership\",\"source\": \"RECEPTION_SIGNUP\"}"
51372890-bb9c-4f47-ab23-83d1411aead1,3591aa99-6a08-4bbc-8ecd-3dd79cb0bc74,60932b17-6168-4ad1-9edf-7b3f384911bb,2023-06-25 13:14:56.659,2023-06-25 13:37:32.401,"{\"name\": \"Monthly Membership\",\"source\": \"REFERRAL\"}"
a55211af-ebef-4ac7-bac9-be25c2ea3820,dd588b33-76f9-4032-a754-6aa34e26de7b,089ed6b5-576c-4f2c-b812-201d51dab6a7,2023-04-02 07:54:14.940,2023-04-02 08:24:02.094,"{\"name\": \"Yearly Membership\",\"source\": \"REFERRAL\"}"
56f7f1af-c9ba-4fd3-b8b9-4068ac2fe5c3,3591aa99-6a08-4bbc-8ecd-3dd79cb0bc74,3533a387-b4f0-44e1-b89d-22e2ca379b10,2024-07-10 16:55:46.090,2024-07-10 17:22:40.939,"{\"name\": \"Weekly Membership\",\"source\": \"REFERRAL\"}"
452aa4a9-191c-46f1-a106-7f4235681677,679d63bc-b896-480b-be7f-c48780872ba6,cedb8a3f-7178-4e26-972d-0c6913fd1225,2024-05-13 23:19:53.456,2024-05-13 23:25:43.326,"{\"name\": \"Monthly Membership\",\"source\": \"WEBPORTAL\"}"
2b5b6b54-0639-42fc-a16d-9dc374639005,679d63bc-b896-480b-be7f-c48780872ba6,bfee4d73-fd3d-41d2-84b4-b76ab4da830f,2024-04-09 16:14:19.611,2024-04-09 16:44:10.977,"{\"name\": \"Monthly Membership\",\"source\": \"WEBPORTAL\"}"
1c797c78-d1ee-4156-9138-78901e588bf0,679d63bc-b896-480b-be7f-c48780872ba6,b1a86ab4-3e52-40bf-af57-754eccfa8806,2024-03-16 09:52:32.173,2024-03-16 10:04:40.002,"{\"name\": \"Yearly Membership\",\"source\": \"WEBPORTAL\"}"
f3870de4-1893-4518-8007-4892dc227872,2b94d71e-6311-4069-944f-d90c3206dc40,96e9433c-3bb9-443e-8501-fdb913906bf8,2023-09-26 11:31:28.486,2023-09-26 11:34:08.616,"{\"name\": \"Weekly Membership\",\"source\": \"WEBPORTAL\"}"
51372890-bb9c-4f47-ab23-83d1411aead1,3591aa99-6a08-4bbc-8ecd-3dd79cb0bc74,95ff9c36-e1e0-4595-b1b1-aeb0a4e17c55,2024-03-10 09:12:06.653,2024-03-10 09:22:10.401,"{\"name\": \"Monthly Membership\",\"source\": \"RECEPTION_SIGNUP\"}"
51372890-bb9c-4f47-ab23-83d1411aead1,3591aa99-6a08-4bbc-8ecd-3dd79cb0bc74,9107b7b9-6e16-4eb4-8e45-30cbda9be6a5,2024-05-13 03:50:04.155,2024-05-13 03:59:22.265,"{\"name\": \"Yearly Membership\",\"source\": \"RECEPTION_SIGNUP\"}"
5ab65223-ff3e-4d46-b3b4-2ecb9e68add9,3591aa99-6a08-4bbc-8ecd-3dd79cb0bc74,75b7a5ff-580c-460c-b4d0-765554bc39e7,2024-01-08 19:29:26.525,2024-01-08 19:37:22.751,"{\"name\": \"Weekly Membership\",\"source\": \"RECEPTION_SIGNUP\"}"
a47212ba-9472-4921-95a3-55adb48b6ada,dd588b33-76f9-4032-a754-6aa34e26de7b,e8434c89-2275-45be-9677-b238b8dab82e,2024-02-29 16:04:31.617,2024-02-29 16:18:12.821,"{\"name\": \"Monthly Membership\",\"source\": \"REFERRAL\"}"
b6befe13-ba16-4736-bc45-db0b26e77c48,dd588b33-76f9-4032-a754-6aa34e26de7b,f42bc1ae-0a17-4484-ac97-f103d7e36580,2024-04-24 19:59:27.675,2024-04-24 20:07:42.123,"{\"name\": \"Yearly Membership\",\"source\": \"REFERRAL\"}"
a3a9ee53-9c57-42e3-8d4f-147e4881dce7,dd588b33-76f9-4032-a754-6aa34e26de7b,ebd3f63a-1794-4d74-88f0-6285bd34260b,2023-04-20 11:38:27.796,2023-04-20 11:54:09.590,"{\"name\": \"Weekly Membership\",\"source\": \"REFERRAL\"}"
7961610a-693c-4533-95e8-692a7cf56885,183bf829-76c2-44c7-8a20-b5c8b073efcb,3da22643-b344-499e-95b7-f551f496e477,2023-10-18 19:28:38.216,2023-10-18 19:34:50.829,"{\"name\": \"Monthly Membership\",\"source\": \"WEBPORTAL\"}"
89e7214a-055d-45d6-ad43-cc091da33ca2,183bf829-76c2-44c7-8a20-b5c8b073efcb,64df6de9-a3f4-4fd9-952a-6f2730d1c41b,2023-03-31 10:11:32.127,2023-03-31 10:31:00.310,"{\"name\": \"Monthly Membership\",\"source\": \"WEBPORTAL\"}"
ab2532fd-4844-43a0-831a-b2ffa9a3ffba,dd588b33-76f9-4032-a754-6aa34e26de7b,8ec3e84e-fa48-46a4-8176-1f5f55175cae,2023-05-28 12:20:32.453,2023-05-28 12:29:33.264,"{\"name\": \"Yearly Membership\",\"source\": \"WEBPORTAL\"}"
f8b3eac7-fd48-4d8d-abf9-87eb94f7ed98,2b94d71e-6311-4069-944f-d90c3206dc40,98e6a13c-176c-4a23-a346-3239f6bdab03,2023-05-31 08:52:00.285,2023-05-31 09:16:16.696,"{\"name\": \"Weekly Membership\",\"source\": \"WEBPORTAL\"}"
e56e4383-5fed-4155-9a42-5d722b60e90d,2b94d71e-6311-4069-944f-d90c3206dc40,0728fc09-cd17-48e4-9cf3-6931f4fbe308,2023-05-05 23:11:22.753,2023-05-05 23:30:22.312,"{\"name\": \"Monthly Membership\",\"source\": \"RECEPTION_SIGNUP\"}"
7643d20f-356c-4f8b-a909-7b9c1815ca95,183bf829-76c2-44c7-8a20-b5c8b073efcb,1e258321-ff71-408a-a449-706805e43971,2023-09-08 06:41:37.772,2023-09-08 07:03:07.630,"{\"name\": \"Yearly Membership\",\"source\": \"RECEPTION_SIGNUP\"}"
ed88f150-de85-4b7e-b40e-dae8d3666365,2b94d71e-6311-4069-944f-d90c3206dc40,3e156756-4c81-4a12-9ff6-60ae6d2a8cf5,2023-01-23 09:54:26.909,2023-01-23 10:10:39.946,"{\"name\": \"Weekly Membership\",\"source\": \"RECEPTION_SIGNUP\"}"
f8b3eac7-fd48-4d8d-abf9-87eb94f7ed98,2b94d71e-6311-4069-944f-d90c3206dc40,1ed5c0f1-edeb-490e-80ea-77648028f3ac,2023-04-30 18:40:26.232,2023-04-30 18:43:54.589,"{\"name\": \"Monthly Membership\",\"source\": \"REFERRAL\"}"
f8a48090-57fc-4dc0-a435-54fb78a304eb,2b94d71e-6311-4069-944f-d90c3206dc40,4a091c0b-4854-4f92-9f8c-c378a5f33b56,2023-05-31 03:28:20.420,2023-05-31 03:53:19.549,"{\"name\": \"Yearly Membership\",\"source\": \"REFERRAL\"}"
2b5b6b54-0639-42fc-a16d-9dc374639005,679d63bc-b896-480b-be7f-c48780872ba6,0b357122-8fd5-4b87-9b64-64d7e01497c3,2023-08-18 21:51:15.750,2023-08-18 22:14:26.842,"{\"name\": \"Weekly Membership\",\"source\": \"REFERRAL\"}"
452aa4a9-191c-46f1-a106-7f4235681677,679d63bc-b896-480b-be7f-c48780872ba6,59afcfa5-03bf-4cee-adfb-9b119872b31d,2024-05-04 00:55:00.728,2024-05-04 01:05:01.577,"{\"name\": \"Monthly Membership\",\"source\": \"WEBPORTAL\"}"
348a9a95-f1a3-412d-9824-894cd77f1e3a,679d63bc-b896-480b-be7f-c48780872ba6,fe44bf3a-b489-4a9e-b112-166f55f874e8,2023-12-09 15:21:06.297,2023-12-09 15:28:49.137,"{\"name\": \"Monthly Membership\",\"source\": \"WEBPORTAL\"}"
5d4f5cc4-f636-496a-953b-975485db9258,3591aa99-6a08-4bbc-8ecd-3dd79cb0bc74,6c871900-8121-4215-8666-ff771329efd8,2023-03-17 17:32:41.627,2023-03-17 17:57:11.488,"{\"name\": \"Weekly Membership\",\"source\": \"WEBPORTAL\"}"
d66b2d2c-023c-48df-b3e3-4f79841d10aa,dd588b33-76f9-4032-a754-6aa34e26de7b,34dcee8e-1b1d-4455-a3e0-33a1b859a5f3,2023-03-25 20:04:55.094,2023-03-25 20:16:43.018,"{\"name\": \"Monthly Membership\",\"source\": \"RECEPTION_SIGNUP\"}"
82cd1bb4-f8cf-49fd-8cac-104fc0cbb024,183bf829-76c2-44c7-8a20-b5c8b073efcb,6e0a1691-549e-4055-9872-581bb63d4e1c,2023-05-21 23:59:46.592,2023-05-22 00:16:20.625,"{\"name\": \"Yearly Membership\",\"source\": \"RECEPTION_SIGNUP\"}"
4e4f2a4b-0697-4ef6-ad53-1094c1c181b6,3591aa99-6a08-4bbc-8ecd-3dd79cb0bc74,1133be08-746d-4cb3-8599-ea8559d12f9c,2024-03-26 13:18:52.258,2024-03-26 13:18:55.861,"{\"name\": \"Weekly Membership\",\"source\": \"RECEPTION_SIGNUP\"}"
fbaddd3a-4116-40ea-a8ac-52aab1849697,2b94d71e-6311-4069-944f-d90c3206dc40,32ef478a-1ad8-40a4-9668-cb378d71d52a,2023-11-01 01:58:49.433,2023-11-01 02:23:51.609,"{\"name\": \"Monthly Membership\",\"source\": \"REFERRAL\"}"
8d26c0ec-2fcd-4080-a114-3b568ff4224b,183bf829-76c2-44c7-8a20-b5c8b073efcb,3e2d6dcd-95b5-4065-be48-d65647d064ff,2023-09-05 19:49:54.513,2023-09-05 20:16:07.850,"{\"name\": \"Yearly Membership\",\"source\": \"REFERRAL\"}"
1c797c78-d1ee-4156-9138-78901e588bf0,679d63bc-b896-480b-be7f-c48780872ba6,f86418f7-673b-4f31-a5ee-64a24b6b3dfe,2023-07-02 15:13:22.307,2023-07-02 15:18:02.621,"{\"name\": \"Weekly Membership\",\"source\": \"REFERRAL\"}"
a1562999-410e-466e-9d01-11c2f0846077,183bf829-76c2-44c7-8a20-b5c8b073efcb,5d3ffc23-6927-4e87-a9b5-69774c323e99,2023-10-12 21:35:24.935,2023-10-12 21:53:18.817,"{\"name\": \"Monthly Membership\",\"source\": \"WEBPORTAL\"}"
dfc13311-c09a-4485-872e-7b4411fb23a1,2b94d71e-6311-4069-944f-d90c3206dc40,61af3d3c-5216-4083-988a-1aae3ded351b,2023-02-21 06:40:37.778,2023-02-21 07:02:08.501,"{\"name\": \"Monthly Membership\",\"source\": \"WEBPORTAL\"}"
7961610a-693c-4533-95e8-692a7cf56885,183bf829-76c2-44c7-8a20-b5c8b073efcb,78460d2f-a9f4-4af0-8209-fe823d26ad47,2024-03-16 22:37:22.905,2024-03-16 22:58:45.327,"{\"name\": \"Yearly Membership\",\"source\": \"WEBPORTAL\"}"
a1562999-410e-466e-9d01-11c2f0846077,183bf829-76c2-44c7-8a20-b5c8b073efcb,b372731d-d463-4df4-8f16-a52d71e6091a,2023-08-12 19:27:33.250,2023-08-12 19:53:58.201,"{\"name\": \"Weekly Membership\",\"source\": \"WEBPORTAL\"}"
eb771fd1-d7c7-4ca5-ac40-a797f7a87e08,2b94d71e-6311-4069-944f-d90c3206dc40,246d0aa9-f40c-422d-bee5-281dd9272110,2023-05-06 07:29:49.455,2023-05-06 07:55:03.082,"{\"name\": \"Monthly Membership\",\"source\": \"RECEPTION_SIGNUP\"}"
70ae8751-489d-4c64-9197-a80e93498e6e,183bf829-76c2-44c7-8a20-b5c8b073efcb,f2b08811-177c-48e2-bcde-980d3c5cf3be,2023-06-22 16:27:00.973,2023-06-22 16:55:45.599,"{\"name\": \"Yearly Membership\",\"source\": \"RECEPTION_SIGNUP\"}"
42f792d5-a5e2-40f5-b902-898c8da3b040,679d63bc-b896-480b-be7f-c48780872ba6,866f8089-984c-4ec7-bb3c-598f35075d95,2023-09-15 17:51:08.325,2023-09-15 17:56:48.988,"{\"name\": \"Weekly Membership\",\"source\": \"RECEPTION_SIGNUP\"}"
f8b3eac7-fd48-4d8d-abf9-87eb94f7ed98,2b94d71e-6311-4069-944f-d90c3206dc40,5e35fe55-c749-4a0f-a2ae-82e4e827b4c7,2024-01-30 23:35:50.546,2024-01-31 00:02:45.228,"{\"name\": \"Yearly Membership\",\"source\": \"REFERRAL\"}"
452aa4a9-191c-46f1-a106-7f4235681677,679d63bc-b896-480b-be7f-c48780872ba6,24b1f083-97d8-404f-abe1-0d624a07c3ea,2023-10-22 06:00:26.745,2023-10-22 06:09:29.078,"{\"name\": \"Weekly Membership\",\"source\": \"REFERRAL\"}"
fac87498-7b32-48e5-842d-8f6e8a753b0e,2b94d71e-6311-4069-944f-d90c3206dc40,d98c6b54-0f67-4e44-a520-dfed14f55ba3,2024-03-29 10:55:30.285,2024-03-29 10:59:30.457,"{\"name\": \"Monthly Membership\",\"source\": \"WEBPORTAL\"}"
b9c36c7f-dd96-44f8-88f8-ffdf6be81344,dd588b33-76f9-4032-a754-6aa34e26de7b,c2fdff4e-6360-46c6-8a05-3bee417d3fdc,2023-07-20 10:02:54.666,2023-07-20 10:28:10.715,"{\"name\": \"Monthly Membership\",\"source\": \"WEBPORTAL\"}"
52b1a258-b7ab-49d3-a7e5-af564a3cd20a,3591aa99-6a08-4bbc-8ecd-3dd79cb0bc74,75fdbc30-0bd5-4737-9eba-f990499e5727,2023-11-12 05:27:54.036,2023-11-12 05:37:23.511,"{\"name\": \"Yearly Membership\",\"source\": \"WEBPORTAL\"}"
da1909ce-a694-43d8-9a4d-b9e2e825269c,2b94d71e-6311-4069-944f-d90c3206dc40,41e0c5ff-2e3f-40e0-902c-07405cbffb89,2024-04-08 06:59:28.180,2024-04-08 07:09:10.918,"{\"name\": \"Monthly Membership\",\"source\": \"RECEPTION_SIGNUP\"}"
42f792d5-a5e2-40f5-b902-898c8da3b040,679d63bc-b896-480b-be7f-c48780872ba6,7f8e02a7-72e2-43e1-905e-25ea46bbbb4a,2023-09-21 22:36:25.584,2023-09-21 22:40:35.165,"{\"name\": \"Yearly Membership\",\"source\": \"RECEPTION_SIGNUP\"}"
7961610a-693c-4533-95e8-692a7cf56885,183bf829-76c2-44c7-8a20-b5c8b073efcb,bca96d99-28d5-4b01-80da-135d23ba97f2,2023-08-12 06:51:54.580,2023-08-12 07:02:42.986,"{\"name\": \"Weekly Membership\",\"source\": \"RECEPTION_SIGNUP\"}"
fac87498-7b32-48e5-842d-8f6e8a753b0e,2b94d71e-6311-4069-944f-d90c3206dc40,c5986595-1a99-4eff-8fa2-8d70152e652a,2023-03-08 04:55:20.471,2023-03-08 04:59:58.722,"{\"name\": \"Weekly Membership\",\"source\": \"REFERRAL\"}"
7961610a-693c-4533-95e8-692a7cf56885,183bf829-76c2-44c7-8a20-b5c8b073efcb,c33e0fdc-17cc-49da-9220-d2b7eca09ee3,2023-09-22 23:29:24.783,2023-09-22 23:36:50.647,"{\"name\": \"Monthly Membership\",\"source\": \"WEBPORTAL\"}"
f8b3eac7-fd48-4d8d-abf9-87eb94f7ed98,2b94d71e-6311-4069-944f-d90c3206dc40,bc43cfb1-594e-4838-aa30-75b42b5400ce,2023-06-30 05:44:25.041,2023-06-30 06:04:45.060,"{\"name\": \"Monthly Membership\",\"source\": \"WEBPORTAL\"}"
f12147b1-8d2b-471a-b2a3-81d1c5f31c11,2b94d71e-6311-4069-944f-d90c3206dc40,62ece1e7-3d62-47d3-b039-309e113af734,2023-01-16 06:08:09.537,2023-01-16 06:22:39.404,"{\"name\": \"Yearly Membership\",\"source\": \"WEBPORTAL\"}"
b06251b8-a11b-4e92-8c79-2f57cacd59ec,dd588b33-76f9-4032-a754-6aa34e26de7b,456c9fae-8a69-47e5-b23e-066106b84616,2023-06-23 22:49:43.840,2023-06-23 23:19:30.265,"{\"name\": \"Weekly Membership\",\"source\": \"WEBPORTAL\"}"
7961610a-693c-4533-95e8-692a7cf56885,183bf829-76c2-44c7-8a20-b5c8b073efcb,ceb76593-2222-4a0d-957f-b11c870a2ab6,2024-04-24 06:12:13.864,2024-04-24 06:29:47.402,"{\"name\": \"Monthly Membership\",\"source\": \"RECEPTION_SIGNUP\"}"
dfc13311-c09a-4485-872e-7b4411fb23a1,2b94d71e-6311-4069-944f-d90c3206dc40,4969624b-ff0f-4693-a606-5d6563b18e16,2024-02-08 16:37:01.585,2024-02-08 16:46:01.565,"{\"name\": \"Yearly Membership\",\"source\": \"RECEPTION_SIGNUP\"}"
5dcad327-7a64-450e-89fd-d6047499d84a,3591aa99-6a08-4bbc-8ecd-3dd79cb0bc74,60ef99fd-8a77-431d-b0fa-633a2f9fe1c2,2023-12-16 22:36:53.302,2023-12-16 22:54:47.679,"{\"name\": \"Weekly Membership\",\"source\": \"RECEPTION_SIGNUP\"}"
eb771fd1-d7c7-4ca5-ac40-a797f7a87e08,2b94d71e-6311-4069-944f-d90c3206dc40,c9cae525-5806-4019-a0ab-33c079f87771,2023-10-25 03:26:56.273,2023-10-25 03:50:31.681,"{\"name\": \"Monthly Membership\",\"source\": \"REFERRAL\"}"
dfc13311-c09a-4485-872e-7b4411fb23a1,2b94d71e-6311-4069-944f-d90c3206dc40,c58b0b3a-c950-495e-95e6-10bec4aab765,2024-05-09 06:09:23.790,2024-05-09 06:16:51.515,"{\"name\": \"Yearly Membership\",\"source\": \"REFERRAL\"}"
5dc072a6-d336-46a9-803f-3ecc4e5fdcaf,3591aa99-6a08-4bbc-8ecd-3dd79cb0bc74,d9599af1-ade9-44c0-b6cf-5997d40f2e98,2023-01-10 02:25:07.623,2023-01-10 02:46:27.013,"{\"name\": \"Weekly Membership\",\"source\": \"REFERRAL\"}"
79b97c21-87e5-49e5-80a6-0ff60e1a40d4,183bf829-76c2-44c7-8a20-b5c8b073efcb,3ee47232-59da-48c6-982e-2061b847ab8b,2024-01-27 14:04:26.970,2024-01-27 14:23:33.275,"{\"name\": \"Monthly Membership\",\"source\": \"WEBPORTAL\"}"
a309ddfd-b618-4adb-8f29-2fd427e3ad09,dd588b33-76f9-4032-a754-6aa34e26de7b,46abecd2-4514-4d96-bb5f-b3fcce7964d6,2024-01-19 05:58:25.483,2024-01-19 05:59:18.112,"{\"name\": \"Monthly Membership\",\"source\": \"WEBPORTAL\"}"
e8340470-366b-40b8-80e3-d36fb59cf325,2b94d71e-6311-4069-944f-d90c3206dc40,108a2b98-273f-4dbd-8e47-418eda4c1080,2023-11-22 15:19:03.562,2023-11-22 15:36:37.759,"{\"name\": \"Yearly Membership\",\"source\": \"WEBPORTAL\"}"
89e7214a-055d-45d6-ad43-cc091da33ca2,183bf829-76c2-44c7-8a20-b5c8b073efcb,9b7b9189-4703-4e6c-a5ea-f4f107ec2380,2023-10-19 20:21:41.905,2023-10-19 20:28:44.258,"{\"name\": \"Weekly Membership\",\"source\": \"WEBPORTAL\"}"
a1562999-410e-466e-9d01-11c2f0846077,183bf829-76c2-44c7-8a20-b5c8b073efcb,2e60a853-bed2-4e33-aae9-f26eaaf374ce,2023-08-27 09:10:35.267,2023-08-27 09:36:06.878,"{\"name\": \"Monthly Membership\",\"source\": \"RECEPTION_SIGNUP\"}"
bd2edd61-412a-433a-9d5a-e3096ee943db,dd588b33-76f9-4032-a754-6aa34e26de7b,c7721681-b129-4a01-9608-d5457a729a6c,2024-01-20 15:32:56.293,2024-01-20 15:45:12.541,"{\"name\": \"Yearly Membership\",\"source\": \"RECEPTION_SIGNUP\"}"
968aaa29-7b8e-4adb-bcfe-0c3f0154c68f,183bf829-76c2-44c7-8a20-b5c8b073efcb,a71cf478-5f86-49b2-82b0-dee179501a5d,2023-10-06 03:07:45.682,2023-10-06 03:30:18.686,"{\"name\": \"Weekly Membership\",\"source\": \"RECEPTION_SIGNUP\"}"
348a9a95-f1a3-412d-9824-894cd77f1e3a,679d63bc-b896-480b-be7f-c48780872ba6,0d8c19a8-44ef-4a70-ab6a-fc5fdcf1fa5e,2023-05-17 02:23:50.502,2023-05-17 02:52:23.371,"{\"name\": \"Monthly Membership\",\"source\": \"REFERRAL\"}"
546101da-27f9-4d36-849a-2ff3665800ea,3591aa99-6a08-4bbc-8ecd-3dd79cb0bc74,3ea84b77-ba58-4af6-bd70-5095a2b5b2c6,2024-06-19 08:25:50.645,2024-06-19 08:41:49.874,"{\"name\": \"Yearly Membership\",\"source\": \"REFERRAL\"}"
85041be6-cf8d-4194-8aaf-72ef4122002a,183bf829-76c2-44c7-8a20-b5c8b073efcb,69b53fde-f25f-4f91-9983-0035662a2786,2023-08-06 09:03:11.507,2023-08-06 09:14:00.677,"{\"name\": \"Weekly Membership\",\"source\": \"REFERRAL\"}"
7e8795e8-325f-4e65-970a-e58430316ea7,183bf829-76c2-44c7-8a20-b5c8b073efcb,9da5b1b3-c760-4153-959e-77e2cdadd0dd,2023-09-19 00:37:03.659,2023-09-19 00:53:13.581,"{\"name\": \"Monthly Membership\",\"source\": \"WEBPORTAL\"}"
85041be6-cf8d-4194-8aaf-72ef4122002a,183bf829-76c2-44c7-8a20-b5c8b073efcb,4536eb28-ec17-47ea-8b07-f2afbb02e74b,2023-06-02 21:05:25.947,2023-06-02 21:20:57.787,"{\"name\": \"Monthly Membership\",\"source\": \"WEBPORTAL\"}"
56f7f1af-c9ba-4fd3-b8b9-4068ac2fe5c3,3591aa99-6a08-4bbc-8ecd-3dd79cb0bc74,c5562848-3907-4f24-98dc-2b4e5353cb07,2024-04-10 20:44:01.087,2024-04-10 20:48:51.264,"{\"name\": \"Yearly Membership\",\"source\": \"WEBPORTAL\"}"
875a9117-fd70-4f90-902a-91c04a7e6727,183bf829-76c2-44c7-8a20-b5c8b073efcb,85d41107-fc6b-4d3c-bec5-7e1ef1642849,2023-10-16 06:52:40.269,2023-10-16 07:10:18.335,"{\"name\": \"Weekly Membership\",\"source\": \"WEBPORTAL\"}"
f12147b1-8d2b-471a-b2a3-81d1c5f31c11,2b94d71e-6311-4069-944f-d90c3206dc40,7b8f01fc-e930-4501-b462-ae5309214446,2023-12-10 19:40:17.293,2023-12-10 19:55:24.153,"{\"name\": \"Monthly Membership\",\"source\": \"RECEPTION_SIGNUP\"}"
3c67c06e-5feb-43c7-97bc-29754e602ec8,679d63bc-b896-480b-be7f-c48780872ba6,59a2656b-e7b6-41b9-89ac-0eeb03707ae9,2024-05-07 08:19:34.156,2024-05-07 08:23:41.698,"{\"name\": \"Weekly Membership\",\"source\": \"RECEPTION_SIGNUP\"}"
5a8223b4-ca9f-4698-ac36-bdc6d3f0bc66,3591aa99-6a08-4bbc-8ecd-3dd79cb0bc74,25290812-61d1-47c2-990d-3ed14cdcc648,2024-04-03 15:41:52.267,2024-04-03 15:53:18.070,"{\"name\": \"Monthly Membership\",\"source\": \"REFERRAL\"}"
452aa4a9-191c-46f1-a106-7f4235681677,679d63bc-b896-480b-be7f-c48780872ba6,dc9d1c61-78da-45a0-9367-dbb259375a53,2024-04-18 00:11:48.219,2024-04-18 00:27:24.321,"{\"name\": \"Yearly Membership\",\"source\": \"REFERRAL\"}"
a55211af-ebef-4ac7-bac9-be25c2ea3820,dd588b33-76f9-4032-a754-6aa34e26de7b,9f4a9641-2456-4b00-a935-d68d7035cbe5,2023-08-30 22:17:12.337,2023-08-30 22:31:35.223,"{\"name\": \"Monthly Membership\",\"source\": \"WEBPORTAL\"}"
6c06a496-88a8-40c0-a3f5-fa590c73b2fa,3591aa99-6a08-4bbc-8ecd-3dd79cb0bc74,05ed3a61-1960-457d-bf59-968f46049084,2023-07-06 03:40:50.083,2023-07-06 03:50:03.908,"{\"name\": \"Monthly Membership\",\"source\": \"WEBPORTAL\"}"
d895a409-9f03-43c0-946d-a9b1717afdc0,2b94d71e-6311-4069-944f-d90c3206dc40,6e04eca9-f6ce-4757-82c2-13f1883b704d,2023-12-08 21:16:46.909,2023-12-08 21:35:14.321,"{\"name\": \"Yearly Membership\",\"source\": \"WEBPORTAL\"}"
9e0fdce5-e985-4fca-991f-6cc8eccc65f5,183bf829-76c2-44c7-8a20-b5c8b073efcb,9a2b1a5a-110e-4a31-9e18-c0d6ace5f27e,2024-04-09 22:39:49.284,2024-04-09 23:02:30.724,"{\"name\": \"Weekly Membership\",\"source\": \"WEBPORTAL\"}"
452aa4a9-191c-46f1-a106-7f4235681677,679d63bc-b896-480b-be7f-c48780872ba6,c9e8b8ca-986e-46dd-b7f3-2720213a8473,2023-10-20 00:08:48.845,2023-10-20 00:19:32.689,"{\"name\": \"Monthly Membership\",\"source\": \"RECEPTION_SIGNUP\"}"
9010107a-a1b5-4f7f-b9cb-4b0eafe25098,183bf829-76c2-44c7-8a20-b5c8b073efcb,cbd9a23f-49c9-46c2-a1d6-c9d8bc58f684,2023-12-27 09:38:33.340,2023-12-27 10:04:49.587,"{\"name\": \"Yearly Membership\",\"source\": \"RECEPTION_SIGNUP\"}"
6c06a496-88a8-40c0-a3f5-fa590c73b2fa,3591aa99-6a08-4bbc-8ecd-3dd79cb0bc74,0ea1c488-9c5a-4312-af38-f508008c0eb6,2023-05-12 11:05:35.064,2023-05-12 11:05:49.011,"{\"name\": \"Weekly Membership\",\"source\": \"RECEPTION_SIGNUP\"}"
f3870de4-1893-4518-8007-4892dc227872,2b94d71e-6311-4069-944f-d90c3206dc40,a960ca2c-f3fe-4dd0-98f2-3803ec8335bf,2023-07-15 03:26:29.661,2023-07-15 03:49:45.517,"{\"name\": \"Monthly Membership\",\"source\": \"REFERRAL\"}"
a47212ba-9472-4921-95a3-55adb48b6ada,dd588b33-76f9-4032-a754-6aa34e26de7b,f5502aa6-5311-4c1d-beaa-d65389cb25f0,2023-10-16 19:57:42.027,2023-10-16 20:16:55.109,"{\"name\": \"Yearly Membership\",\"source\": \"REFERRAL\"}"
9ef92827-bbf9-4924-b91d-40b5e0ccd5f6,183bf829-76c2-44c7-8a20-b5c8b073efcb,2373c6c0-11bc-4dc4-9aa5-c5114a17cec6,2023-07-25 01:23:49.516,2023-07-25 01:51:00.040,"{\"name\": \"Weekly Membership\",\"source\": \"REFERRAL\"}"
42f792d5-a5e2-40f5-b902-898c8da3b040,679d63bc-b896-480b-be7f-c48780872ba6,a5b6335c-c5c9-4253-b0d6-af0024358bad,2023-08-26 21:22:27.359,2023-08-26 21:30:19.646,"{\"name\": \"Monthly Membership\",\"source\": \"WEBPORTAL\"}"
a1562999-410e-466e-9d01-11c2f0846077,183bf829-76c2-44c7-8a20-b5c8b073efcb,6cf04534-f722-4d2e-8642-0209cea56934,2023-04-12 18:03:05.956,2023-04-12 18:17:02.487,"{\"name\": \"Yearly Membership\",\"source\": \"WEBPORTAL\"}"
57756acc-a699-4e22-a102-829b7db54e57,3591aa99-6a08-4bbc-8ecd-3dd79cb0bc74,9fb49f73-e502-4706-8a87-aef9f5be9a66,2023-06-26 15:06:45.747,2023-06-26 15:13:49.110,"{\"name\": \"Monthly Membership\",\"source\": \"RECEPTION_SIGNUP\"}"
f3870de4-1893-4518-8007-4892dc227872,2b94d71e-6311-4069-944f-d90c3206dc40,34ed1da3-9226-4015-89e1-9d33e86a1238,2023-06-10 09:25:51.254,2023-06-10 09:32:35.860,"{\"name\": \"Yearly Membership\",\"source\": \"RECEPTION_SIGNUP\"}"
b9c36c7f-dd96-44f8-88f8-ffdf6be81344,dd588b33-76f9-4032-a754-6aa34e26de7b,4a9a80c0-6ff3-4e89-b770-3f6f16581f91,2024-02-09 09:41:20.303,2024-02-09 10:07:56.441,"{\"name\": \"Weekly Membership\",\"source\": \"RECEPTION_SIGNUP\"}"
9e0fdce5-e985-4fca-991f-6cc8eccc65f5,183bf829-76c2-44c7-8a20-b5c8b073efcb,2ba02f52-4917-4dea-8e9a-476df995cde4,2023-03-08 12:38:37.906,2023-03-08 13:01:06.308,"{\"name\": \"Monthly Membership\",\"source\": \"REFERRAL\"}"
452aa4a9-191c-46f1-a106-7f4235681677,679d63bc-b896-480b-be7f-c48780872ba6,8a312fde-3c1c-4aa9-9914-4d84698ac2e8,2024-04-01 09:36:17.793,2024-04-01 10:01:35.055,"{\"name\": \"Weekly Membership\",\"source\": \"REFERRAL\"}"
adcd90cd-e764-4fe8-8c26-9e0aa21cb017,dd588b33-76f9-4032-a754-6aa34e26de7b,7a38df31-dd81-44fb-88a6-a759e71f46ff,2023-03-27 13:13:18.083,2023-03-27 13:42:38.312,"{\"name\": \"Monthly Membership\",\"source\": \"WEBPORTAL\"}"
875a9117-fd70-4f90-902a-91c04a7e6727,183bf829-76c2-44c7-8a20-b5c8b073efcb,8ac43e66-6be5-4cac-879d-ed1a88fd7d19,2024-02-10 23:28:07.469,2024-02-10 23:34:18.376,"{\"name\": \"Monthly Membership\",\"source\": \"WEBPORTAL\"}"
e56e4383-5fed-4155-9a42-5d722b60e90d,2b94d71e-6311-4069-944f-d90c3206dc40,c75e1574-0b62-43b5-b71f-d083dc5871c6,2023-06-24 00:22:22.237,2023-06-24 00:30:44.650,"{\"name\": \"Yearly Membership\",\"source\": \"WEBPORTAL\"}"
ab2532fd-4844-43a0-831a-b2ffa9a3ffba,dd588b33-76f9-4032-a754-6aa34e26de7b,7bb2602a-1d5e-44eb-aa0f-7cb9a72d02fd,2023-06-19 11:20:41.021,2023-06-19 11:29:50.279,"{\"name\": \"Weekly Membership\",\"source\": \"WEBPORTAL\"}"
fbaddd3a-4116-40ea-a8ac-52aab1849697,2b94d71e-6311-4069-944f-d90c3206dc40,d38ee714-d9b1-4a99-bc9f-915e8ddd0056,2024-05-27 12:57:45.076,2024-05-27 13:13:14.338,"{\"name\": \"Monthly Membership\",\"source\": \"RECEPTION_SIGNUP\"}"
85041be6-cf8d-4194-8aaf-72ef4122002a,183bf829-76c2-44c7-8a20-b5c8b073efcb,b0fec0a1-f982-44b8-8f4c-86fdf307e6dd,2024-03-13 00:35:45.564,2024-03-13 00:54:22.392,"{\"name\": \"Yearly Membership\",\"source\": \"RECEPTION_SIGNUP\"}"
52b1a258-b7ab-49d3-a7e5-af564a3cd20a,3591aa99-6a08-4bbc-8ecd-3dd79cb0bc74,f131c03a-6896-4d9f-8052-de79e2967c86,2023-03-11 05:57:52.584,2023-03-11 06:08:47.043,"{\"name\": \"Weekly Membership\",\"source\": \"RECEPTION_SIGNUP\"}"
f8a48090-57fc-4dc0-a435-54fb78a304eb,2b94d71e-6311-4069-944f-d90c3206dc40,0080ec2d-0501-44f5-bd19-a120540a5586,2024-02-23 00:34:39.698,2024-02-23 00:41:01.041,"{\"name\": \"Monthly Membership\",\"source\": \"REFERRAL\"}"
4afd9e20-2e32-47de-a59b-a485fa333b0b,3591aa99-6a08-4bbc-8ecd-3dd79cb0bc74,d05e432c-9704-41f3-8821-a1148c4905c0,2023-07-25 01:26:27.678,2023-07-25 01:51:12.456,"{\"name\": \"Yearly Membership\",\"source\": \"REFERRAL\"}"
54078046-db8b-4c5a-80e2-e51057fe8d8e,3591aa99-6a08-4bbc-8ecd-3dd79cb0bc74,b65fc9a0-6719-42d4-adaa-e6a95629cc4c,2024-07-01 06:13:49.436,2024-07-01 06:41:05.708,"{\"name\": \"Weekly Membership\",\"source\": \"REFERRAL\"}"
eb8539e3-7f81-4399-9872-6c8406858054,2b94d71e-6311-4069-944f-d90c3206dc40,0f3ca2a1-bbd4-47df-9ff0-2c086074e3f8,2023-05-10 05:13:30.336,2023-05-10 05:25:57.135,"{\"name\": \"Monthly Membership\",\"source\": \"WEBPORTAL\"}"
52b1a258-b7ab-49d3-a7e5-af564a3cd20a,3591aa99-6a08-4bbc-8ecd-3dd79cb0bc74,5d4419b9-7d7c-44e6-991f-ecbd9937c020,2024-07-08 23:59:51.211,2024-07-09 00:25:48.877,"{\"name\": \"Monthly Membership\",\"source\": \"WEBPORTAL\"}"
9010107a-a1b5-4f7f-b9cb-4b0eafe25098,183bf829-76c2-44c7-8a20-b5c8b073efcb,6ff77a0f-fd9b-4412-932a-23d0684fe1fe,2024-06-19 13:49:02.941,2024-06-19 13:49:59.048,"{\"name\": \"Yearly Membership\",\"source\": \"WEBPORTAL\"}"
9010107a-a1b5-4f7f-b9cb-4b0eafe25098,183bf829-76c2-44c7-8a20-b5c8b073efcb,0f52e6aa-23f5-4adb-946e-76a12bea1833,2023-12-07 14:42:27.816,2023-12-07 15:12:07.405,"{\"name\": \"Weekly Membership\",\"source\": \"WEBPORTAL\"}"
70ae8751-489d-4c64-9197-a80e93498e6e,183bf829-76c2-44c7-8a20-b5c8b073efcb,379cb328-83b7-4519-898f-a143e0b90dec,2023-07-01 20:16:51.042,2023-07-01 20:22:32.556,"{\"name\": \"Yearly Membership\",\"source\": \"RECEPTION_SIGNUP\"}"
54078046-db8b-4c5a-80e2-e51057fe8d8e,3591aa99-6a08-4bbc-8ecd-3dd79cb0bc74,bbb07118-4071-40b6-9b3f-e7a0079156df,2024-02-07 06:19:45.209,2024-02-07 06:22:34.821,"{\"name\": \"Weekly Membership\",\"source\": \"RECEPTION_SIGNUP\"}"
b6befe13-ba16-4736-bc45-db0b26e77c48,dd588b33-76f9-4032-a754-6aa34e26de7b,53326e68-94a4-48c6-969d-084251735b35,2023-09-12 13:08:10.774,2023-09-12 13:31:27.563,"{\"name\": \"Monthly Membership\",\"source\": \"REFERRAL\"}"
a55211af-ebef-4ac7-bac9-be25c2ea3820,dd588b33-76f9-4032-a754-6aa34e26de7b,0f490e4b-5ade-41d0-80e7-0b194c8632d3,2023-02-02 13:29:46.548,2023-02-02 13:39:42.491,"{\"name\": \"Yearly Membership\",\"source\": \"REFERRAL\"}"
5b8856d8-f1b2-4cd9-baf5-46c37a6130ed,3591aa99-6a08-4bbc-8ecd-3dd79cb0bc74,c5bd26c7-9fb5-448e-94ac-ad4cccb2ba86,2023-11-17 23:10:09.220,2023-11-17 23:14:27.233,"{\"name\": \"Weekly Membership\",\"source\": \"REFERRAL\"}"
6a388309-2818-4170-8909-3167eb82df1e,3591aa99-6a08-4bbc-8ecd-3dd79cb0bc74,f9ffb94e-4c4b-4398-a5f6-fee19f2af151,2023-07-29 06:58:49.268,2023-07-29 07:08:46.102,"{\"name\": \"Monthly Membership\",\"source\": \"WEBPORTAL\"}"
546101da-27f9-4d36-849a-2ff3665800ea,3591aa99-6a08-4bbc-8ecd-3dd79cb0bc74,c78dbac2-3d83-4af9-81ce-6f772a8a321d,2023-01-12 11:38:31.154,2023-01-12 11:39:59.018,"{\"name\": \"Monthly Membership\",\"source\": \"WEBPORTAL\"}"
d66b2d2c-023c-48df-b3e3-4f79841d10aa,dd588b33-76f9-4032-a754-6aa34e26de7b,351f752a-02dc-45d7-85eb-44867e96655b,2023-03-08 02:03:43.182,2023-03-08 02:26:51.303,"{\"name\": \"Yearly Membership\",\"source\": \"WEBPORTAL\"}"
5dcad327-7a64-450e-89fd-d6047499d84a,3591aa99-6a08-4bbc-8ecd-3dd79cb0bc74,97329485-2c10-41c9-a5bd-395a747b8844,2023-02-20 10:01:11.732,2023-02-20 10:11:52.918,"{\"name\": \"Weekly Membership\",\"source\": \"WEBPORTAL\"}"
fa99041b-810d-4486-9689-ef904e7e56a3,2b94d71e-6311-4069-944f-d90c3206dc40,cb332795-288a-4f98-9317-2759d9c6a886,2023-10-07 03:56:38.407,2023-10-07 04:12:26.313,"{\"name\": \"Monthly Membership\",\"source\": \"RECEPTION_SIGNUP\"}"
85041be6-cf8d-4194-8aaf-72ef4122002a,183bf829-76c2-44c7-8a20-b5c8b073efcb,a9acc1fe-480d-4a8c-8cac-2c0c7336a2f1,2023-03-28 11:15:06.460,2023-03-28 11:19:16.873,"{\"name\": \"Yearly Membership\",\"source\": \"RECEPTION_SIGNUP\"}"
3c67c06e-5feb-43c7-97bc-29754e602ec8,679d63bc-b896-480b-be7f-c48780872ba6,06937e0f-084e-4687-9a30-f29b7eac5a6c,2023-02-23 19:33:33.436,2023-02-23 19:54:26.955,"{\"name\": \"Weekly Membership\",\"source\": \"RECEPTION_SIGNUP\"}"
b6befe13-ba16-4736-bc45-db0b26e77c48,dd588b33-76f9-4032-a754-6aa34e26de7b,857e9465-6f6f-41fd-9a15-483834743f72,2023-04-17 18:18:16.957,2023-04-17 18:43:57.404,"{\"name\": \"Monthly Membership\",\"source\": \"REFERRAL\"}"
89e7214a-055d-45d6-ad43-cc091da33ca2,183bf829-76c2-44c7-8a20-b5c8b073efcb,de9a14f7-20e7-45e8-aeee-a34ffd3cf4d6,2024-04-19 16:39:01.269,2024-04-19 17:08:14.448,"{\"name\": \"Weekly Membership\",\"source\": \"REFERRAL\"}"
546101da-27f9-4d36-849a-2ff3665800ea,3591aa99-6a08-4bbc-8ecd-3dd79cb0bc74,d494b95a-32f4-4884-87b5-a7d6f5ff769e,2024-07-07 23:29:07.370,2024-07-07 23:53:43.214,"{\"name\": \"Monthly Membership\",\"source\": \"WEBPORTAL\"}"
85041be6-cf8d-4194-8aaf-72ef4122002a,183bf829-76c2-44c7-8a20-b5c8b073efcb,9cf133c8-88b9-4e33-93c1-caee960e6b5b,2024-05-07 16:45:50.970,2024-05-07 16:52:33.573,"{\"name\": \"Monthly Membership\",\"source\": \"WEBPORTAL\"}"
993ff139-1fb7-4da7-98e0-62eff86a96e7,183bf829-76c2-44c7-8a20-b5c8b073efcb,1e558287-01c1-4991-9d1c-32bb00db6a55,2023-08-26 18:28:46.227,2023-08-26 18:34:06.670,"{\"name\": \"Yearly Membership\",\"source\": \"WEBPORTAL\"}"
7961610a-693c-4533-95e8-692a7cf56885,183bf829-76c2-44c7-8a20-b5c8b073efcb,097b4050-bb21-41a9-944d-78f3bba017af,2024-02-09 22:49:19.272,2024-02-09 23:05:32.510,"{\"name\": \"Weekly Membership\",\"source\": \"WEBPORTAL\"}"
54078046-db8b-4c5a-80e2-e51057fe8d8e,3591aa99-6a08-4bbc-8ecd-3dd79cb0bc74,ffa302a3-4e3d-4dbb-8751-961716fcceed,2023-08-09 04:41:47.238,2023-08-09 04:54:51.290,"{\"name\": \"Monthly Membership\",\"source\": \"RECEPTION_SIGNUP\"}"
50da1ec7-c569-41b9-abac-1559cb7ac89c,3591aa99-6a08-4bbc-8ecd-3dd79cb0bc74,b256f02e-f372-4739-97ef-78f5c6e8c70a,2023-05-04 22:50:39.944,2023-05-04 22:56:08.218,"{\"name\": \"Yearly Membership\",\"source\": \"RECEPTION_SIGNUP\"}"
5ab65223-ff3e-4d46-b3b4-2ecb9e68add9,3591aa99-6a08-4bbc-8ecd-3dd79cb0bc74,626353a4-f46b-4de5-bcfc-e329c2e9734e,2023-10-12 12:14:36.963,2023-10-12 12:37:53.220,"{\"name\": \"Weekly Membership\",\"source\": \"RECEPTION_SIGNUP\"}"
6a388309-2818-4170-8909-3167eb82df1e,3591aa99-6a08-4bbc-8ecd-3dd79cb0bc74,581af360-b625-4e81-83a2-38983caeeae8,2023-08-26 03:17:40.943,2023-08-26 03:28:56.325,"{\"name\": \"Monthly Membership\",\"source\": \"REFERRAL\"}"
b9c36c7f-dd96-44f8-88f8-ffdf6be81344,dd588b33-76f9-4032-a754-6aa34e26de7b,0f7a5b9b-eb0a-45c1-a3d6-5f4fb0d896b1,2023-08-11 10:35:07.856,2023-08-11 10:38:25.382,"{\"name\": \"Yearly Membership\",\"source\": \"REFERRAL\"}"
b06251b8-a11b-4e92-8c79-2f57cacd59ec,dd588b33-76f9-4032-a754-6aa34e26de7b,8d4ab9aa-11b3-4acb-9637-9cbf75ed7340,2024-02-01 08:31:25.955,2024-02-01 08:57:48.835,"{\"name\": \"Weekly Membership\",\"source\": \"REFERRAL\"}"
a55211af-ebef-4ac7-bac9-be25c2ea3820,dd588b33-76f9-4032-a754-6aa34e26de7b,b88116cf-f437-464e-bfee-6bb79490b181,2023-04-16 13:24:53.993,2023-04-16 13:31:58.241,"{\"name\": \"Monthly Membership\",\"source\": \"WEBPORTAL\"}"
993ff139-1fb7-4da7-98e0-62eff86a96e7,183bf829-76c2-44c7-8a20-b5c8b073efcb,a365307a-7a70-414c-91c4-78686355daa8,2024-05-16 03:53:05.118,2024-05-16 03:56:47.104,"{\"name\": \"Monthly Membership\",\"source\": \"WEBPORTAL\"}"
fd1c3dfc-c0e6-4cc2-bab7-c67e026bb939,2b94d71e-6311-4069-944f-d90c3206dc40,41e47f72-651b-48d8-a916-e1484f48b8c1,2024-04-08 00:17:01.947,2024-04-08 00:30:12.068,"{\"name\": \"Yearly Membership\",\"source\": \"WEBPORTAL\"}"
5a8223b4-ca9f-4698-ac36-bdc6d3f0bc66,3591aa99-6a08-4bbc-8ecd-3dd79cb0bc74,c127635a-c7ff-4cc8-878d-24f44bf545e1,2023-05-22 18:47:59.651,2023-05-22 19:03:34.859,"{\"name\": \"Weekly Membership\",\"source\": \"WEBPORTAL\"}"
adcd90cd-e764-4fe8-8c26-9e0aa21cb017,dd588b33-76f9-4032-a754-6aa34e26de7b,9aca565c-3056-4284-a99a-1edd035ce136,2023-04-12 03:37:06.894,2023-04-12 04:00:53.701,"{\"name\": \"Monthly Membership\",\"source\": \"RECEPTION_SIGNUP\"}"
5dc072a6-d336-46a9-803f-3ecc4e5fdcaf,3591aa99-6a08-4bbc-8ecd-3dd79cb0bc74,56e55b3e-0a95-444e-b663-fd15001511cf,2023-02-13 12:33:37.433,2023-02-13 12:40:19.117,"{\"name\": \"Yearly Membership\",\"source\": \"RECEPTION_SIGNUP\"}"
5a8223b4-ca9f-4698-ac36-bdc6d3f0bc66,3591aa99-6a08-4bbc-8ecd-3dd79cb0bc74,58263713-c0ef-4022-8ce9-712254b2df74,2024-06-21 21:37:17.782,2024-06-21 21:47:28.754,"{\"name\": \"Weekly Membership\",\"source\": \"RECEPTION_SIGNUP\"}"
a2db8651-cf91-4310-a717-1ebb8074950f,183bf829-76c2-44c7-8a20-b5c8b073efcb,1d1d0586-91f3-41dc-af96-033e76d4bb6d,2023-04-08 17:42:19.294,2023-04-08 18:04:27.547,"{\"name\": \"Yearly Membership\",\"source\": \"REFERRAL\"}"
9010107a-a1b5-4f7f-b9cb-4b0eafe25098,183bf829-76c2-44c7-8a20-b5c8b073efcb,e01b11f4-ff19-4487-8e5c-f7c89ce7d0b4,2023-01-07 04:59:38.799,2023-01-07 05:20:27.968,"{\"name\": \"Weekly Membership\",\"source\": \"REFERRAL\"}"
1c797c78-d1ee-4156-9138-78901e588bf0,679d63bc-b896-480b-be7f-c48780872ba6,8b1e7146-fd5b-4fee-a394-568b390c913f,2023-01-09 07:37:42.307,2023-01-09 07:41:28.145,"{\"name\": \"Monthly Membership\",\"source\": \"WEBPORTAL\"}"
348a9a95-f1a3-412d-9824-894cd77f1e3a,679d63bc-b896-480b-be7f-c48780872ba6,52ea16bc-dcf9-4cc2-bb35-5e476f58b907,2023-04-07 08:20:57.730,2023-04-07 08:48:05.675,"{\"name\": \"Monthly Membership\",\"source\": \"WEBPORTAL\"}"
f4684124-04b3-4762-a272-8530f3d7c8a1,2b94d71e-6311-4069-944f-d90c3206dc40,275b5c9c-b3e9-4b24-ba06-b6b07dede959,2023-04-02 03:04:31.078,2023-04-02 03:14:46.775,"{\"name\": \"Yearly Membership\",\"source\": \"WEBPORTAL\"}"
5d4f5cc4-f636-496a-953b-975485db9258,3591aa99-6a08-4bbc-8ecd-3dd79cb0bc74,fc63f359-9f49-4f9e-8014-80ac809a90c9,2024-04-26 16:14:43.360,2024-04-26 16:36:29.120,"{\"name\": \"Weekly Membership\",\"source\": \"WEBPORTAL\"}"
fbaddd3a-4116-40ea-a8ac-52aab1849697,2b94d71e-6311-4069-944f-d90c3206dc40,21642b36-d933-4a6b-9530-97713765493f,2023-02-17 00:19:05.134,2023-02-17 00:46:15.833,"{\"name\": \"Monthly Membership\",\"source\": \"RECEPTION_SIGNUP\"}"
f4684124-04b3-4762-a272-8530f3d7c8a1,2b94d71e-6311-4069-944f-d90c3206dc40,48d55e1b-f028-4d0c-8735-731d16b7e39b,2023-10-25 13:35:51.302,2023-10-25 13:48:19.722,"{\"name\": \"Yearly Membership\",\"source\": \"RECEPTION_SIGNUP\"}"
1d5fdf23-e6a3-4e86-a740-22ad79eb67b9,679d63bc-b896-480b-be7f-c48780872ba6,51ddef10-887d-4991-8cc3-5b18bd9299b4,2023-02-18 19:13:47.114,2023-02-18 19:35:04.772,"{\"name\": \"Monthly Membership\",\"source\": \"REFERRAL\"}"
fac87498-7b32-48e5-842d-8f6e8a753b0e,2b94d71e-6311-4069-944f-d90c3206dc40,dfc75f06-01c8-4b27-b85f-8388f3dd5d98,2024-01-18 13:49:49.734,2024-01-18 13:56:32.335,"{\"name\": \"Yearly Membership\",\"source\": \"REFERRAL\"}"
e56e4383-5fed-4155-9a42-5d722b60e90d,2b94d71e-6311-4069-944f-d90c3206dc40,3b734a32-ce98-4596-8993-5cf4f52c7657,2023-07-31 12:39:28.155,2023-07-31 12:57:31.743,"{\"name\": \"Weekly Membership\",\"source\": \"REFERRAL\"}"
5ab65223-ff3e-4d46-b3b4-2ecb9e68add9,3591aa99-6a08-4bbc-8ecd-3dd79cb0bc74,6bff7f20-df90-4d2f-bb6c-374482a1020e,2023-06-04 04:00:26.775,2023-06-04 04:29:53.891,"{\"name\": \"Monthly Membership\",\"source\": \"WEBPORTAL\"}"
f3870de4-1893-4518-8007-4892dc227872,2b94d71e-6311-4069-944f-d90c3206dc40,efc958bc-1908-4ec4-bdd5-676a40394dbb,2023-08-31 16:55:14.490,2023-08-31 17:03:33.824,"{\"name\": \"Monthly Membership\",\"source\": \"WEBPORTAL\"}"
52b1a258-b7ab-49d3-a7e5-af564a3cd20a,3591aa99-6a08-4bbc-8ecd-3dd79cb0bc74,9d421b7a-dc01-4f9b-a4a1-455e1036fa7e,2023-05-24 20:42:40.719,2023-05-24 21:04:52.204,"{\"name\": \"Yearly Membership\",\"source\": \"WEBPORTAL\"}"
4afd9e20-2e32-47de-a59b-a485fa333b0b,3591aa99-6a08-4bbc-8ecd-3dd79cb0bc74,22eff103-8aab-4ec3-8796-4b5b8e94e125,2024-02-19 15:12:16.149,2024-02-19 15:33:21.438,"{\"name\": \"Weekly Membership\",\"source\": \"WEBPORTAL\"}"
77b23c41-48c9-4493-bbf2-40db442cb444,183bf829-76c2-44c7-8a20-b5c8b073efcb,0c98df54-d138-40d4-bc80-dbf94630d9fa,2024-04-05 08:13:06.405,2024-04-05 08:25:22.144,"{\"name\": \"Monthly Membership\",\"source\": \"RECEPTION_SIGNUP\"}"
f8a48090-57fc-4dc0-a435-54fb78a304eb,2b94d71e-6311-4069-944f-d90c3206dc40,4fcaa594-74df-4119-8695-3b61b29c9f2d,2024-04-21 10:31:05.215,2024-04-21 10:36:17.632,"{\"name\": \"Yearly Membership\",\"source\": \"RECEPTION_SIGNUP\"}"
6534cb41-6517-4ef9-a84c-5685ee6f719d,3591aa99-6a08-4bbc-8ecd-3dd79cb0bc74,d5a65b82-8351-44c3-b797-2dd64c28dcfa,2023-09-01 08:30:06.253,2023-09-01 08:46:33.940,"{\"name\": \"Monthly Membership\",\"source\": \"REFERRAL\"}"
f3870de4-1893-4518-8007-4892dc227872,2b94d71e-6311-4069-944f-d90c3206dc40,5b784c57-e569-4439-ad3b-a025fee3ff08,2023-01-22 09:09:43.210,2023-01-22 09:17:08.774,"{\"name\": \"Yearly Membership\",\"source\": \"REFERRAL\"}"
4e4f2a4b-0697-4ef6-ad53-1094c1c181b6,3591aa99-6a08-4bbc-8ecd-3dd79cb0bc74,f74cc6c0-be49-455c-8b55-3c287b008434,2024-03-05 23:03:00.047,2024-03-05 23:08:29.520,"{\"name\": \"Weekly Membership\",\"source\": \"REFERRAL\"}"
a47212ba-9472-4921-95a3-55adb48b6ada,dd588b33-76f9-4032-a754-6aa34e26de7b,ad34b33a-bf4e-42b4-bc64-ffc173566f15,2023-08-12 15:43:58.100,2023-08-12 16:10:32.355,"{\"name\": \"Monthly Membership\",\"source\": \"WEBPORTAL\"}"
fa99041b-810d-4486-9689-ef904e7e56a3,2b94d71e-6311-4069-944f-d90c3206dc40,3b1a9b74-f62f-48e7-94d1-c8600360a6a5,2023-07-30 02:31:17.833,2023-07-30 02:44:09.056,"{\"name\": \"Yearly Membership\",\"source\": \"WEBPORTAL\"}"
1c797c78-d1ee-4156-9138-78901e588bf0,679d63bc-b896-480b-be7f-c48780872ba6,381efcc0-775d-4622-80ce-d726ad83e9a6,2023-04-29 04:07:06.452,2023-04-29 04:09:33.633,"{\"name\": \"Weekly Membership\",\"source\": \"WEBPORTAL\"}"
f8b3eac7-fd48-4d8d-abf9-87eb94f7ed98,2b94d71e-6311-4069-944f-d90c3206dc40,2620ac34-7b2f-4591-9779-dc98f28d6f68,2023-05-10 13:47:02.044,2023-05-10 14:12:29.268,"{\"name\": \"Yearly Membership\",\"source\": \"RECEPTION_SIGNUP\"}"
993ff139-1fb7-4da7-98e0-62eff86a96e7,183bf829-76c2-44c7-8a20-b5c8b073efcb,99f2c0ff-e56f-400d-b542-2a3c6b13e15b,2023-06-13 05:49:36.061,2023-06-13 06:01:01.039,"{\"name\": \"Weekly Membership\",\"source\": \"RECEPTION_SIGNUP\"}"
3c67c06e-5feb-43c7-97bc-29754e602ec8,679d63bc-b896-480b-be7f-c48780872ba6,4a9c0a60-08cc-4c43-ba7c-bb44f8d0cc3b,2023-01-06 13:34:17.077,2023-01-06 13:38:37.870,"{\"name\": \"Monthly Membership\",\"source\": \"REFERRAL\"}"
da1909ce-a694-43d8-9a4d-b9e2e825269c,2b94d71e-6311-4069-944f-d90c3206dc40,b3101b4a-e18c-4d48-90b3-d0f473613b3f,2024-04-04 11:09:33.410,2024-04-04 11:15:13.244,"{\"name\": \"Yearly Membership\",\"source\": \"REFERRAL\"}"
79b97c21-87e5-49e5-80a6-0ff60e1a40d4,183bf829-76c2-44c7-8a20-b5c8b073efcb,3da11336-844e-43ea-8458-fec18c84dd3a,2023-12-12 15:40:41.644,2023-12-12 15:54:29.308,"{\"name\": \"Weekly Membership\",\"source\": \"REFERRAL\"}"
a2db8651-cf91-4310-a717-1ebb8074950f,183bf829-76c2-44c7-8a20-b5c8b073efcb,7ca21c96-e2f0-4e92-8ca9-7ed26eaf328a,2023-08-18 09:21:07.484,2023-08-18 09:27:23.012,"{\"name\": \"Monthly Membership\",\"source\": \"WEBPORTAL\"}"
89e7214a-055d-45d6-ad43-cc091da33ca2,183bf829-76c2-44c7-8a20-b5c8b073efcb,82f42de8-e66d-45e0-84da-975b755ceda4,2024-07-08 12:15:27.994,2024-07-08 12:24:25.706,"{\"name\": \"Monthly Membership\",\"source\": \"WEBPORTAL\"}"
5b8856d8-f1b2-4cd9-baf5-46c37a6130ed,3591aa99-6a08-4bbc-8ecd-3dd79cb0bc74,b74a4b74-8d81-424b-b4ce-aadaaed7b9b8,2024-07-09 20:26:55.377,2024-07-09 20:35:20.701,"{\"name\": \"Yearly Membership\",\"source\": \"WEBPORTAL\"}"
9010107a-a1b5-4f7f-b9cb-4b0eafe25098,183bf829-76c2-44c7-8a20-b5c8b073efcb,d446abba-06b1-4267-8749-673eb0836b56,2023-07-25 20:47:37.056,2023-07-25 21:00:01.147,"{\"name\": \"Weekly Membership\",\"source\": \"WEBPORTAL\"}"
fac87498-7b32-48e5-842d-8f6e8a753b0e,2b94d71e-6311-4069-944f-d90c3206dc40,ff27fa71-933a-4bcd-b454-f2f5fede8dd2,2023-12-18 19:10:19.585,2023-12-18 19:37:40.043,"{\"name\": \"Monthly Membership\",\"source\": \"RECEPTION_SIGNUP\"}"
50da1ec7-c569-41b9-abac-1559cb7ac89c,3591aa99-6a08-4bbc-8ecd-3dd79cb0bc74,929a3509-b033-4ee3-aa29-bd2e727ab0ab,2024-06-29 13:59:08.186,2024-06-29 14:13:55.137,"{\"name\": \"Yearly Membership\",\"source\": \"RECEPTION_SIGNUP\"}"
1c797c78-d1ee-4156-9138-78901e588bf0,679d63bc-b896-480b-be7f-c48780872ba6,183c17e9-1c75-4eb6-9ac7-1662532441a3,2023-11-04 12:25:35.642,2023-11-04 12:44:39.109,"{\"name\": \"Weekly Membership\",\"source\": \"RECEPTION_SIGNUP\"}"
a3a9ee53-9c57-42e3-8d4f-147e4881dce7,dd588b33-76f9-4032-a754-6aa34e26de7b,54ab7094-2345-4375-b88a-dc08c124698e,2023-05-11 20:20:18.126,2023-05-11 20:33:20.521,"{\"name\": \"Monthly Membership\",\"source\": \"REFERRAL\"}"
5b8856d8-f1b2-4cd9-baf5-46c37a6130ed,3591aa99-6a08-4bbc-8ecd-3dd79cb0bc74,b7e083cd-4440-47a4-9a15-b523e5385bf5,2023-09-17 00:25:24.430,2023-09-17 00:34:18.475,"{\"name\": \"Yearly Membership\",\"source\": \"REFERRAL\"}"
82cd1bb4-f8cf-49fd-8cac-104fc0cbb024,183bf829-76c2-44c7-8a20-b5c8b073efcb,25effbf1-c562-4d46-b940-43b9a4f09a3f,2023-12-30 01:13:36.214,2023-12-30 01:20:35.608,"{\"name\": \"Monthly Membership\",\"source\": \"WEBPORTAL\"}"